search_item,search_lat,search_lon,URL,url_lat,url_lon,distance_km,within_7km
"IELTS Coaching or Tuition Institutes in C R Park, Delhi",28.5387663,77.2388973,https://www.google.com/maps/place/PHOENIX+ACADEMIA/data=!4m7!3m6!1s0x390ce3277c834719:0xace8ce6309fb80c1!8m2!3d28.5418375!4d77.2036432!16s%2Fg%2F11fphhk5v5!19sChIJGUeDfCfjDDkRwYD7CWPO6Kw?authuser=0&hl=en&rclk=1,28.5418375,77.2036432,3.46,YES
"IELTS Coaching or Tuition Institutes in C R Park, Delhi",28.5387663,77.2388973,https://www.google.com/maps/place/Ace+With+Ielts/data=!4m7!3m6!1s0x390ce3cc77ebffff:0xb17dc5aa9b8f14ac!8m2!3d28.5513184!4d77.2441237!16s%2Fg%2F11s78cwqqt!19sChIJ___rd8zjDDkRrBSPm6rFfbE?authuser=0&hl=en&rclk=1,28.5513184,77.2441237,1.49,YES
"IELTS Coaching or Tuition Institutes in C R Park, Delhi",28.5387663,77.2388973,https://www.google.com/maps/place/Onwardo+IMS+Manya+The+Princeton+Review/data=!4m7!3m6!1s0x390ce173002f789b:0x1acc433094fd2530!8m2!3d28.5500421!4d77.2511543!16s%2Fg%2F1tk61h62!19sChIJm3gvAHPhDDkRMCX9lDBDzBo?authuser=0&hl=en&rclk=1,28.5500421,77.2511543,1.73,YES
"IELTS Coaching or Tuition Institutes in C R Park, Delhi",28.5387663,77.2388973,https://www.google.com/maps/place/Edwizard/data=!4m7!3m6!1s0x390ce2776861db25:0x7446fb60d5d767d5!8m2!3d28.5585219!4d77.2043582!16s%2Fg%2F11cmyl3dtr!19sChIJJdthaHfiDDkR1WfX1WD7RnQ?authuser=0&hl=en&rclk=1,28.5585219,77.2043582,4.03,YES
"IELTS Coaching or Tuition Institutes in C R Park, Delhi",28.5387663,77.2388973,"https://www.google.com/maps/place/American+Institute+Of+English+Language+-spoken+English+language,+PTE+,IELTS/data=!4m7!3m6!1s0x390ce15ffb722ff9:0xe585c71826148f5f!8m2!3d28.5348322!4d77.2599454!16s%2Fg%2F11b8v9vy6x!19sChIJ-S9y-1_hDDkRX48UJhjHheU?authuser=0&hl=en&rclk=1",28.5348322,77.2599454,2.1,YES
"IELTS Coaching or Tuition Institutes in C R Park, Delhi",28.5387663,77.2388973,https://www.google.com/maps/place/Thinkstitute+Learners/data=!4m7!3m6!1s0x390ce3abbedbd56b:0x9f27e5eafc6313cc!8m2!3d28.5418366!4d77.2422967!16s%2Fg%2F11x5y6zgly!19sChIJa9XbvqvjDDkRzBNj_OrlJ58?authuser=0&hl=en&rclk=1,28.5418366,77.2422967,0.48,YES
"IELTS Coaching or Tuition Institutes in C R Park, Delhi",28.5387663,77.2388973,"https://www.google.com/maps/place/Texas+Review+-+IELTS,+GMAT,+SAT,+TOEFL,+GRE+Coaching+Centre+in+South+Delhi+%7C+Study+Abroad+In+USA,+UK,+GERMANY/data=!4m7!3m6!1s0x390ce38a13f7e30f:0xdfdf17e88b58d480!8m2!3d28.5695721!4d77.2173577!16s%2Fg%2F11vxh5yr9l!19sChIJD-P3E4rjDDkRgNRYi-gX398?authuser=0&hl=en&rclk=1",28.5695721,77.2173577,4.02,YES
"IELTS Coaching or Tuition Institutes in C R Park, Delhi",28.5387663,77.2388973,https://www.google.com/maps/place/Study+Smart+-+Study+Abroad+Consultancy+%26+Classroom+IELTS+Coaching+in+Delhi/data=!4m7!3m6!1s0x390ce25da9f07291:0xd2983a4bc399f4b9!8m2!3d28.534164!4d77.242784!16s%2Fg%2F1ptz53z8t!19sChIJkXLwqV3iDDkRufSZw0s6mNI?authuser=0&hl=en&rclk=1,28.534164,77.242784,0.64,YES
"IELTS Coaching or Tuition Institutes in C R Park, Delhi",28.5387663,77.2388973,https://www.google.com/maps/place/Achiever%27s+Point/data=!4m7!3m6!1s0x390d030d1e116a3f:0xfaaa47f3feb6de13!8m2!3d28.5509312!4d77.2048839!16s%2Fg%2F1tf6_9vn!19sChIJP2oRHg0DDTkRE962_vNHqvo?authuser=0&hl=en&rclk=1,28.5509312,77.2048839,3.59,YES
"IELTS Coaching or Tuition Institutes in C R Park, Delhi",28.5387663,77.2388973,https://www.google.com/maps/place/IELTS+Coaching+in+MalviyaNagar/data=!4m7!3m6!1s0x390ce21956efccb7:0x5ad5ccce73bdf016!8m2!3d28.5319305!4d77.2081082!16s%2Fg%2F11gdgx6zk6!19sChIJt8zvVhniDDkRFvC9c87M1Vo?authuser=0&hl=en&rclk=1,28.5319305,77.2081082,3.1,YES
"IELTS Coaching or Tuition Institutes in C R Park, Delhi",28.5387663,77.2388973,https://www.google.com/maps/place/Wisdom+Mart/data=!4m7!3m6!1s0x390ce20d3cd08137:0xce11744db1716f77!8m2!3d28.5520017!4d77.2038874!16s%2Fg%2F1tcxy63r!19sChIJN4HQPA3iDDkRd29xsU10Ec4?authuser=0&hl=en&rclk=1,28.5520017,77.2038874,3.72,YES
"IELTS Coaching or Tuition Institutes in C R Park, Delhi",28.5387663,77.2388973,https://www.google.com/maps/place/British+Academy+School+of+English+Language/data=!4m7!3m6!1s0x390ce3de15001efb:0x43229935afb30612!8m2!3d28.5401247!4d77.2619842!16s%2Fg%2F1pp2ts40p!19sChIJ-x4AFd7jDDkREgazrzWZIkM?authuser=0&hl=en&rclk=1,28.5401247,77.2619842,2.26,YES
"IELTS Coaching or Tuition Institutes in C R Park, Delhi",28.5387663,77.2388973,https://www.google.com/maps/place/American+Institute+of+English+Language+Pvt.+Ltd./data=!4m7!3m6!1s0x390ce25eaf9c7ddb:0x8adf033e690d6828!8m2!3d28.5700013!4d77.2198247!16s%2Fg%2F12h_csggs!19sChIJ232cr17iDDkRKGgNaT4D34o?authuser=0&hl=en&rclk=1,28.5700013,77.2198247,3.94,YES
"IELTS Coaching or Tuition Institutes in C R Park, Delhi",28.5387663,77.2388973,https://www.google.com/maps/place/LETs+PADHAi/data=!4m7!3m6!1s0x390ce161c8a331c9:0x21630f23ae53c7fe!8m2!3d28.5344837!4d77.2599551!16s%2Fg%2F11cjj11dlk!19sChIJyTGjyGHhDDkR_sdTriMPYyE?authuser=0&hl=en&rclk=1,28.5344837,77.2599551,2.11,YES
"IELTS Coaching or Tuition Institutes in C R Park, Delhi",28.5387663,77.2388973,https://www.google.com/maps/place/THE+INSTITUTE+OF+STANDARD+BRITISH+ENGLISH/data=!4m7!3m6!1s0x390d1d60fbd6af0b:0x4a74f27667b16ae!8m2!3d28.5559878!4d77.2413064!16s%2Fg%2F11qslx58y7!19sChIJC6_W-2AdDTkRrhZ7ZidPpwQ?authuser=0&hl=en&rclk=1,28.5559878,77.2413064,1.93,YES
"IELTS Coaching or Tuition Institutes in C R Park, Delhi",28.5387663,77.2388973,https://www.google.com/maps/place/The+Study+Point/data=!4m7!3m6!1s0x390ce21c55dc01e7:0xfd60a16fb76010e2!8m2!3d28.5340079!4d77.2090613!16s%2Fg%2F11bxfq1x_z!19sChIJ5wHcVRziDDkR4hBgt2-hYP0?authuser=0&hl=en&rclk=1,28.5340079,77.2090613,2.96,YES
"IELTS Coaching or Tuition Institutes in C R Park, Delhi",28.5387663,77.2388973,https://www.google.com/maps/place/Magoosh+-+GRE+%7C+GMAT+%7C+SAT+%7C+ACT+%7C+TOEFL+%7C+IELTS/data=!4m7!3m6!1s0x390d1d2831ca2d33:0xa0c28c53e1399aea!8m2!3d28.5383669!4d77.1981759!16s%2Fg%2F11nymg_zk9!19sChIJMy3KMSgdDTkR6po54VOMwqA?authuser=0&hl=en&rclk=1,28.5383669,77.1981759,3.98,YES
"IELTS Coaching or Tuition Institutes in C R Park, Delhi",28.5387663,77.2388973,https://www.google.com/maps/place/MJ+Academy/data=!4m7!3m6!1s0x390ce3b6e5218df9:0x837c759423c631f5!8m2!3d28.5424691!4d77.2035506!16s%2Fg%2F12qgxpbvf!19sChIJ-Y0h5bbjDDkR9THGI5R1fIM?authuser=0&hl=en&rclk=1,28.5424691,77.2035506,3.48,YES
"IELTS Coaching or Tuition Institutes in C R Park, Delhi",28.5387663,77.2388973,https://www.google.com/maps/place/Official+IELTS+Test+Centre+Delhi+%28Nehru+Place%29+%7C+IELTS+IDP+India/data=!4m7!3m6!1s0x390ce377f131a9ef:0x4f9a7b8894771947!8m2!3d28.550713!4d77.2504217!16s%2Fg%2F11g4c7517z!19sChIJ76kx8XfjDDkRRxl3lIh7mk8?authuser=0&hl=en&rclk=1,28.550713,77.2504217,1.74,YES
"IELTS Coaching or Tuition Institutes in C R Park, Delhi",28.5387663,77.2388973,https://www.google.com/maps/place/Inka+Language+Park/data=!4m7!3m6!1s0x390d1d88da76920b:0xecad8965e6d2bb1!8m2!3d28.5571776!4d77.1724888!16s%2Fg%2F11tc7h1wbk!19sChIJC5J22ogdDTkRsSttXpbYyg4?authuser=0&hl=en&rclk=1,28.5571776,77.1724888,6.8,YES
"IELTS Coaching or Tuition Institutes in C R Park, Delhi",28.5387663,77.2388973,https://www.google.com/maps/place/EDUMATE+STUDY+GROUP+-+Tuitions+for+classes+1-12+%7C+CBSE+%7C+ICSE+%7C+All+subjects+%7C+English+%7C+IELTS%2FTOEFL+%7C+B.Com%2FCA%2FCS%2FCMA/data=!4m7!3m6!1s0x390ce390e49b8843:0x70ddd6a4b30b0c98!8m2!3d28.5588025!4d77.227707!16s%2Fg%2F11fhvqk35_!19sChIJQ4ib5JDjDDkRmAwLs6TW3XA?authuser=0&hl=en&rclk=1,28.5588025,77.227707,2.48,YES
"IELTS Coaching or Tuition Institutes in C R Park, Delhi",28.5387663,77.2388973,https://www.google.com/maps/place/Dawn+English+Academy/data=!4m7!3m6!1s0x390ce2532cfcde4b:0x678e15ae7b62ce03!8m2!3d28.5708199!4d77.2408441!16s%2Fg%2F11c3_5b5fw!19sChIJS978LFPiDDkRA85ie64Vjmc?authuser=0&hl=en&rclk=1,28.5708199,77.2408441,3.57,YES
"IELTS Coaching or Tuition Institutes in C R Park, Delhi",28.5387663,77.2388973,https://www.google.com/maps/place/Intensive+Institute/data=!4m7!3m6!1s0x390ce5d819660d61:0xca31098e32f884dc!8m2!3d28.5494681!4d77.2975746!16s%2Fg%2F11pds_g_q1!19sChIJYQ1mGdjlDDkR3IT4Mo4JMco?authuser=0&hl=en&rclk=1,28.5494681,77.2975746,5.85,YES
"IELTS Coaching or Tuition Institutes in C R Park, Delhi",28.5387663,77.2388973,https://www.google.com/maps/place/Fluentia+Academy/data=!4m7!3m6!1s0x390ce19555555555:0xe0b86179b43de662!8m2!3d28.5716473!4d77.2217831!16s%2Fg%2F11b6xd9l3m!19sChIJVVVVVZXhDDkRYuY9tHlhuOA?authuser=0&hl=en&rclk=1,28.5716473,77.2217831,4.02,YES
"IELTS Coaching or Tuition Institutes in C R Park, Delhi",28.5387663,77.2388973,https://www.google.com/maps/place/inlingua+South+Extension/data=!4m7!3m6!1s0x390ce1f3003c5337:0x56f6a40813c2978b!8m2!3d28.568808!4d77.223536!16s%2Fg%2F1w110kt1!19sChIJN1M8APPhDDkRi5fCEwik9lY?authuser=0&hl=en&rclk=1,28.568808,77.223536,3.66,YES
"IELTS Coaching or Tuition Institutes in C R Park, Delhi",28.5387663,77.2388973,https://www.google.com/maps/place/Language+Connect/data=!4m7!3m6!1s0x390ce3cbcd4f4bfd:0x10cb63df2cfdec6c!8m2!3d28.5517175!4d77.2373917!16s%2Fg%2F11rzpvyssq!19sChIJ_UtPzcvjDDkRbOz9LN9jyxA?authuser=0&hl=en&rclk=1,28.5517175,77.2373917,1.45,YES
"IELTS Coaching or Tuition Institutes in C R Park, Delhi",28.5387663,77.2388973,https://www.google.com/maps/place/Mac+Academic+Centre/data=!4m7!3m6!1s0x390ce37cec66ecd5:0x48ffaeb3b988fab1!8m2!3d28.5451441!4d77.2538341!16s%2Fg%2F11t749xxdw!19sChIJ1exm7HzjDDkRsfqIubOu_0g?authuser=0&hl=en&rclk=1,28.5451441,77.2538341,1.62,YES
"IELTS Coaching or Tuition Institutes in C R Park, Delhi",28.5387663,77.2388973,"https://www.google.com/maps/place/Jamboree+Education+:-+New+Friends+Colony+Center,+Delhi/data=!4m7!3m6!1s0x390ce34e43f02297:0x983278db8dbfb795!8m2!3d28.5716165!4d77.2664424!16s%2Fg%2F1vnrjd86!19sChIJlyLwQ07jDDkRlbe_jdt4Mpg?authuser=0&hl=en&rclk=1",28.5716165,77.2664424,4.54,YES
"IELTS Coaching or Tuition Institutes in C R Park, Delhi",28.5387663,77.2388973,https://www.google.com/maps/place/Edwise+International/data=!4m7!3m6!1s0x390d1d841aaaaaab:0xc15ca7fcaa3ec424!8m2!3d28.5688728!4d77.2233444!16s%2Fg%2F1v8ky_gf!19sChIJq6qqGoQdDTkRJMQ-qvynXME?authuser=0&hl=en&rclk=1,28.5688728,77.2233444,3.68,YES
"IELTS Coaching or Tuition Institutes in C R Park, Delhi",28.5387663,77.2388973,https://www.google.com/maps/place/Multilingua+-+Best+English+Speaking+Institute+in+Delhi+%7C+IELTS+Coaching+in+Delhi+%7C+PTE+Coaching+in+Delhi/data=!4m7!3m6!1s0x390ce1fb182b1d79:0xd8e177a851414f6d!8m2!3d28.5203063!4d77.20239!16s%2Fg%2F11dxkx882j!19sChIJeR0rGPvhDDkRbU9BUah34dg?authuser=0&hl=en&rclk=1,28.5203063,77.20239,4.12,YES
"IELTS Coaching or Tuition Institutes in C R Park, Delhi",28.5387663,77.2388973,https://www.google.com/maps/place/GMATinsight+GMAT+%7C+GRE+%7C+SAT+%7C+IELTS+Best+Coaching+in+Malviya+Nagar+South+New+Delhi/data=!4m7!3m6!1s0x390ce21cdb87f0af:0xc01989226f75a657!8m2!3d28.5341117!4d77.2101416!16s%2Fg%2F11dxdcb3pv!19sChIJr_CH2xziDDkRV6Z1byKJGcA?authuser=0&hl=en&rclk=1,28.5341117,77.2101416,2.86,YES
"IELTS Coaching or Tuition Institutes in C R Park, Delhi",28.5387663,77.2388973,https://www.google.com/maps/place/Max+Mueller+Institute/data=!4m7!3m6!1s0x390ce3adbfd78d2f:0xf776d7790bd8d3e2!8m2!3d28.5510253!4d77.2049331!16s%2Fg%2F11gk8wp9cn!19sChIJL43Xv63jDDkR4tPYC3nXdvc?authuser=0&hl=en&rclk=1,28.5510253,77.2049331,3.59,YES
"IELTS Coaching or Tuition Institutes in C R Park, Delhi",28.5387663,77.2388973,https://www.google.com/maps/place/Skill+Sutra/data=!4m7!3m6!1s0x390ce3a5f5275e19:0x7dfff5991fc5f8ea!8m2!3d28.5356574!4d77.2075026!16s%2Fg%2F11mvvbbksq!19sChIJGV4n9aXjDDkR6vjFH5n1_30?authuser=0&hl=en&rclk=1,28.5356574,77.2075026,3.09,YES
"IELTS Coaching or Tuition Institutes in C R Park, Delhi",28.5387663,77.2388973,https://www.google.com/maps/place/British+Institute/data=!4m7!3m6!1s0x390ce474fe96a865:0xb36222c894b36b14!8m2!3d28.5657642!4d77.2879694!16s%2Fg%2F11b7k2_ncg!19sChIJZaiW_nTkDDkRFGuzlMgiYrM?authuser=0&hl=en&rclk=1,28.5657642,77.2879694,5.66,YES
"IELTS Coaching or Tuition Institutes in C R Park, Delhi",28.5387663,77.2388973,https://www.google.com/maps/place/IELTS+Coaching/data=!4m7!3m6!1s0x390ce3150ae52a5b:0xf21867b6d6b620de!8m2!3d28.5692956!4d77.2440347!16s%2Fg%2F11n0b98c1y!19sChIJWyrlChXjDDkR3iC21rZnGPI?authuser=0&hl=en&rclk=1,28.5692956,77.2440347,3.43,YES
"IELTS Coaching or Tuition Institutes in C R Park, Delhi",28.5387663,77.2388973,https://www.google.com/maps/place/LearnningTree/data=!4m7!3m6!1s0x390ce28d71e8e48b:0x8b81380010fe6526!8m2!3d28.5836117!4d77.2176058!16s%2Fg%2F11p0w8fq15!19sChIJi-TocY3iDDkRJmX-EAA4gYs?authuser=0&hl=en&rclk=1,28.5836117,77.2176058,5.4,YES
"IELTS Coaching or Tuition Institutes in C R Park, Delhi",28.5387663,77.2388973,https://www.google.com/maps/place/Mentr-Me/data=!4m7!3m6!1s0x390ce31e7a34fd97:0x951fc1f5dc91e2a6!8m2!3d28.5447455!4d77.2125389!16s%2Fg%2F11rcfjv11k!19sChIJl_00eh7jDDkRpuKR3PXBH5U?authuser=0&hl=en&rclk=1,28.5447455,77.2125389,2.66,YES
"IELTS Coaching or Tuition Institutes in C R Park, Delhi",28.5387663,77.2388973,https://www.google.com/maps/place/Swiss+School+Of+Language/data=!4m7!3m6!1s0x390ce25ec0000001:0x380a94382ad808fd!8m2!3d28.5688417!4d77.2249307!16s%2Fg%2F1td5vjjs!19sChIJAQAAwF7iDDkR_QjYKjiUCjg?authuser=0&hl=en&rclk=1,28.5688417,77.2249307,3.61,YES
"IELTS Coaching or Tuition Institutes in C R Park, Delhi",28.5387663,77.2388973,https://www.google.com/maps/place/Sahar+Institute/data=!4m7!3m6!1s0x390ce4767cc49ec7:0x6f0027983ea9cf72!8m2!3d28.5650134!4d77.2863246!16s%2Fg%2F11gzshkz_!19sChIJx57EfHbkDDkRcs-pPpgnAG8?authuser=0&hl=en&rclk=1,28.5650134,77.2863246,5.48,YES
"IELTS Coaching or Tuition Institutes in C R Park, Delhi",28.5387663,77.2388973,https://www.google.com/maps/place/Linguistic+Academy/data=!4m7!3m6!1s0x390d1d9615d3c441:0x7cef5b06df43ed48!8m2!3d28.5571776!4d77.1724888!16s%2Fg%2F1ptxpqb2l!19sChIJQcTTFZYdDTkRSO1D3wZb73w?authuser=0&hl=en&rclk=1,28.5571776,77.1724888,6.8,YES
"IELTS Coaching or Tuition Institutes in C R Park, Delhi",28.5387663,77.2388973,"https://www.google.com/maps/place/Western+Overseas+Delhi+%7C+Study+Visa,+PR,+Tourist+Visa,+Work+Visa,+IELTS,+PTE,+TOEFL,+German,+French/data=!4m7!3m6!1s0x390ce3a50a65b4a1:0x60e070be45b9c4e0!8m2!3d28.5508427!4d77.2503073!16s%2Fg%2F11kqvrdl92!19sChIJobRlCqXjDDkR4MS5Rb5w4GA?authuser=0&hl=en&rclk=1",28.5508427,77.2503073,1.75,YES
"IELTS Coaching or Tuition Institutes in C R Park, Delhi",28.5387663,77.2388973,https://www.google.com/maps/place/ILSC+New+Delhi/data=!4m7!3m6!1s0x390ce21cda60f7c3:0x3357b0913de308dc!8m2!3d28.5736871!4d77.2283518!16s%2Fg%2F11gzzq6c8!19sChIJw_dg2hziDDkR3AjjPZGwVzM?authuser=0&hl=en&rclk=1,28.5736871,77.2283518,4.02,YES
"IELTS Coaching or Tuition Institutes in C R Park, Delhi",28.5387663,77.2388973,https://www.google.com/maps/place/Fluent+Fast+Academy+%E2%80%93+Foreign+Language+Courses+Online+%26+Offline/data=!4m7!3m6!1s0x390ce570ace5d367:0xf86ae1d4b6f2b2a4!8m2!3d28.558699!4d77.2051484!16s%2Fg%2F11hvgbyryr!19sChIJZ9PlrHDlDDkRpLLyttThavg?authuser=0&hl=en&rclk=1,28.558699,77.2051484,3.97,YES
"IELTS Coaching or Tuition Institutes in C R Park, Delhi",28.5387663,77.2388973,https://www.google.com/maps/place/EDUGENIUS+ACADEMY/data=!4m7!3m6!1s0x390d1dd810a55bf7:0xd2a89f300c43175d!8m2!3d28.556302!4d77.174803!16s%2Fg%2F11h0zmqkdm!19sChIJ91ulENgdDTkRXRdDDDCfqNI?authuser=0&hl=en&rclk=1,28.556302,77.174803,6.56,YES
"IELTS Coaching or Tuition Institutes in C R Park, Delhi",28.5387663,77.2388973,https://www.google.com/maps/place/Interactive+Language+Classes+%7C+Best+Language+Institute+%7C+Uzbek+%7C+Russian+%7C+Spanish+%7C+French+%7C+English+%7C+Arabic/data=!4m7!3m6!1s0x390ce5e1156073cf:0xfd1985feda44509!8m2!3d28.5485526!4d77.3024063!16s%2Fg%2F11mtfdztvl!19sChIJz3NgFeHlDDkRCUWk7V-Y0Q8?authuser=0&hl=en&rclk=1,28.5485526,77.3024063,6.3,YES
"IELTS Coaching or Tuition Institutes in C R Park, Delhi",28.5387663,77.2388973,https://www.google.com/maps/place/Online+advanced+spoken+english/data=!4m7!3m6!1s0x390ce25928555537:0x9bce0680dbf22e8!8m2!3d28.5750419!4d77.223805!16s%2Fg%2F11byxg8h1r!19sChIJN1VVKFniDDkR6CK_DWjgvAk?authuser=0&hl=en&rclk=1,28.5750419,77.223805,4.29,YES
"IELTS Coaching or Tuition Institutes in C R Park, Delhi",28.5387663,77.2388973,https://www.google.com/maps/place/IOA+Global/data=!4m7!3m6!1s0x390ce3b18992364d:0xbee72bde1c86ede8!8m2!3d28.5786223!4d77.2449337!16s%2Fg%2F1hjh0353k!19sChIJTTaSibHjDDkR6O2GHN4r574?authuser=0&hl=en&rclk=1,28.5786223,77.2449337,4.47,YES
"IELTS Coaching or Tuition Institutes in C R Park, Delhi",28.5387663,77.2388973,https://www.google.com/maps/place/CareerCarta/data=!4m7!3m6!1s0x390ce31bfcd32e79:0x28dc4e712c8127b8!8m2!3d28.5416786!4d77.203026!16s%2Fg%2F11h1m4zrfh!19sChIJeS7T_BvjDDkRuCeBLHFO3Cg?authuser=0&hl=en&rclk=1,28.5416786,77.203026,3.52,YES
"IELTS Coaching or Tuition Institutes in C R Park, Delhi",28.5387663,77.2388973,https://www.google.com/maps/place/Global+Opportunities/data=!4m7!3m6!1s0x390ce334985ed1f5:0xeca91fa4a1b7c71!8m2!3d28.553669!4d77.2408477!16s%2Fg%2F11rg_l9qdp!19sChIJ9dFemDTjDDkRcXwbSvqRyg4?authuser=0&hl=en&rclk=1,28.553669,77.2408477,1.67,YES
"IELTS Coaching or Tuition Institutes in C R Park, Delhi",28.5387663,77.2388973,https://www.google.com/maps/place/Dynamic+English+Academy/data=!4m7!3m6!1s0x390ce38eea4952e5:0x58f459fb9679709c!8m2!3d28.5657275!4d77.2850854!16s%2Fg%2F12hqhwplz!19sChIJ5VJJ6o7jDDkRnHB5lvtZ9Fg?authuser=0&hl=en&rclk=1,28.5657275,77.2850854,5.42,YES
"IELTS Coaching or Tuition Institutes in C R Park, Delhi",28.5387663,77.2388973,https://www.google.com/maps/place/AEC+Overseas/data=!4m7!3m6!1s0x390ce3cfe9150485:0x282b89db7c3f9751!8m2!3d28.5487345!4d77.250511!16s%2Fg%2F1tfhxzl0!19sChIJhQQV6c_jDDkRUZc_fNuJKyg?authuser=0&hl=en&rclk=1,28.5487345,77.250511,1.59,YES
"IELTS Coaching or Tuition Institutes in C R Park, Delhi",28.5387663,77.2388973,https://www.google.com/maps/place/Maa+Shanti+Skills+Pvt.+Ltd/data=!4m7!3m6!1s0x390ce31e3db37a85:0xb0eaccb1a2820adf!8m2!3d28.531998!4d77.2650513!16s%2Fg%2F11qpwmhmcv!19sChIJhXqzPR7jDDkR3wqCorHM6rA?authuser=0&hl=en&rclk=1,28.531998,77.2650513,2.66,YES
"IELTS Coaching or Tuition Institutes in C R Park, Delhi",28.5387663,77.2388973,https://www.google.com/maps/place/Career+Platform+-+Medical-%28NEET-UG%29+%7C+IIT-JEE+%28Main+%2BAdv.%29+%7C+XI+%26+XII+%7C+CUET-UG+%7C+Foundation+Class+%28VI+to+X%29+%7C+Olympiad/data=!4m7!3m6!1s0x390d1fadd0ab18e9:0x5d91dd3c561b26c0!8m2!3d28.5013663!4d77.1855728!16s%2Fg%2F11jgn521kn!19sChIJ6Rir0K0fDTkRwCYbVjzdkV0?authuser=0&hl=en&rclk=1,28.5013663,77.1855728,6.67,YES
"IELTS Coaching or Tuition Institutes in C R Park, Delhi",28.5387663,77.2388973,https://www.google.com/maps/place/GURU+All+Faculty+Classes/data=!4m7!3m6!1s0x390ce1b6056d4695:0xdfb1daf314ceac06!8m2!3d28.5266924!4d77.255003!16s%2Fg%2F11nxd09t9k!19sChIJlUZtBbbhDDkRBqzOFPPasd8?authuser=0&hl=en&rclk=1,28.5266924,77.255003,2.07,YES
"IELTS Coaching or Tuition Institutes in C R Park, Delhi",28.5387663,77.2388973,https://www.google.com/maps/place/Vishvas+School+of+Languages/data=!4m7!3m6!1s0x390ce25373e491d5:0xd40f998117f5b9de!8m2!3d28.572633!4d77.238077!16s%2Fg%2F11cnn53924!19sChIJ1ZHkc1PiDDkR3rn1F4GZD9Q?authuser=0&hl=en&rclk=1,28.572633,77.238077,3.77,YES
"IELTS Coaching or Tuition Institutes in C R Park, Delhi",28.5387663,77.2388973,https://www.google.com/maps/place/Erisha+EduSupport+LLP/data=!4m7!3m6!1s0x390ce7fcf400d579:0xd0f1dd2bbff1a7ef!8m2!3d28.5384738!4d77.2899555!16s%2Fg%2F11sbwm_wcg!19sChIJedUA9PznDDkR76fxvyvd8dA?authuser=0&hl=en&rclk=1,28.5384738,77.2899555,4.99,YES
"IELTS Coaching or Tuition Institutes in C R Park, Delhi",28.5387663,77.2388973,https://www.google.com/maps/place/Career+Craft+Consultants+-+SAC+%28New+Delhi%29/data=!4m7!3m6!1s0x390ce35dd1fb8a51:0x9b5a103278bbcc62!8m2!3d28.5456485!4d77.2548165!16s%2Fg%2F11tfv371zq!19sChIJUYr70V3jDDkRYsy7eDIQWps?authuser=0&hl=en&rclk=1,28.5456485,77.2548165,1.73,YES
"IELTS Coaching or Tuition Institutes in C R Park, Delhi",28.5387663,77.2388973,https://www.google.com/maps/place/BNPS+International+%E2%80%94+Study+Abroad+Consultancy/data=!4m7!3m6!1s0x390ce35ef9a51127:0xe7114833c32a8895!8m2!3d28.550854!4d77.250206!16s%2Fg%2F11rw9w2h1d!19sChIJJxGl-V7jDDkRlYgqwzNIEec?authuser=0&hl=en&rclk=1,28.550854,77.250206,1.74,YES
"IELTS Coaching or Tuition Institutes in C R Park, Delhi",28.5387663,77.2388973,https://www.google.com/maps/place/Collegedunia+-+Study+Abroad/data=!4m7!3m6!1s0x390ce370979e5b17:0xb14e4109da4fbf22!8m2!3d28.5507217!4d77.2504449!16s%2Fg%2F11xgjvbr3d!19sChIJF1uel3DjDDkRIr9P2glBTrE?authuser=0&hl=en&rclk=1,28.5507217,77.2504449,1.74,YES
"IELTS Coaching or Tuition Institutes in C R Park, Delhi",28.5387663,77.2388973,https://www.google.com/maps/place/STM+%7C+SCHOLASTIC+TEST+MASTERS+%7C+Best+GRE+GMAT+SAT+IELTS+PTE+TOEFL+Institute/data=!4m7!3m6!1s0x390ce29baaaaaaab:0x9d55898b4328f0ca!8m2!3d28.5698801!4d77.220927!16s%2Fg%2F1jkyfgw71!19sChIJq6qqqpviDDkRyvAoQ4uJVZ0?authuser=0&hl=en&rclk=1,28.5698801,77.220927,3.88,YES
"IELTS Coaching or Tuition Institutes in C R Park, Delhi",28.5387663,77.2388973,https://www.google.com/maps/place/Visas+Centric/data=!4m7!3m6!1s0x390ce1507baa9ef1:0xb8972738e4c93f4a!8m2!3d28.5278351!4d77.2201834!16s%2Fg%2F11shcsrlc4!19sChIJ8Z6qe1DhDDkRSj_J5Dgnl7g?authuser=0&hl=en&rclk=1,28.5278351,77.2201834,2.2,YES
"IELTS Coaching or Tuition Institutes in C R Park, Delhi",28.5387663,77.2388973,"https://www.google.com/maps/place/MOTION+COACHING+CENTER+:+CUET,+NDA,+Delhi+Police+Constable%2FSI,+CTET,+SSC,+Bank/data=!4m7!3m6!1s0x390d1e251eb1d43b:0x6c425b877eb9c2c3!8m2!3d28.501076!4d77.1836971!16s%2Fg%2F11f08wt2r2!19sChIJO9SxHiUeDTkRw8K5fodbQmw?authuser=0&hl=en&rclk=1",28.501076,77.1836971,6.83,YES
"IELTS Coaching or Tuition Institutes in C R Park, Delhi",28.5387663,77.2388973,https://www.google.com/maps/place/Learn+FLE/data=!4m7!3m6!1s0x390ce3e055b7731d:0xdc5f7d6519055928!8m2!3d28.5601323!4d77.197711!16s%2Fg%2F11gr62phdd!19sChIJHXO3VeDjDDkRKFkFGWV9X9w?authuser=0&hl=en&rclk=1,28.5601323,77.197711,4.67,YES
"IELTS Coaching or Tuition Institutes in C R Park, Delhi",28.5387663,77.2388973,https://www.google.com/maps/place/Megamind+Consultants/data=!4m7!3m6!1s0x390ce2444037ac53:0x61a8b9ca06ee1e2d!8m2!3d28.5654216!4d77.2389289!16s%2Fg%2F1tfc0dbb!19sChIJU6w3QETiDDkRLR7uBsq5qGE?authuser=0&hl=en&rclk=1,28.5654216,77.2389289,2.96,YES
"IELTS Coaching or Tuition Institutes in C R Park, Delhi",28.5387663,77.2388973,"https://www.google.com/maps/place/Global+Tree+Abroad+Educational+Services%7C+Canada+Immigration+Services+%7C+GRE,+GMAT,+IELTS+Coaching/data=!4m7!3m6!1s0x390ce252eec705af:0x5cc3fdb6afb57599!8m2!3d28.550481!4d77.2502096!16s%2Fg%2F11g6xrd8b6!19sChIJrwXH7lLiDDkRmXW1r7b9w1w?authuser=0&hl=en&rclk=1",28.550481,77.2502096,1.71,YES
"IELTS Coaching or Tuition Institutes in C R Park, Delhi",28.5387663,77.2388973,https://www.google.com/maps/place/Langma+School+of+Languages/data=!4m7!3m6!1s0x390ce25dba89c087:0x6b74c7356d18b11a!8m2!3d28.5700396!4d77.2209663!16s%2Fg%2F1jglvgls2!19sChIJh8CJul3iDDkRGrEYbTXHdGs?authuser=0&hl=en&rclk=1,28.5700396,77.2209663,3.89,YES
"IELTS Coaching or Tuition Institutes in C R Park, Delhi",28.5387663,77.2388973,https://www.google.com/maps/place/Mentored+Counselling+Pvt.+Ltd./data=!4m7!3m6!1s0x390ce25cfa51c5eb:0xcc3c47a9f6219f9d!8m2!3d28.5685761!4d77.2247976!16s%2Fg%2F11lrp41tvy!19sChIJ68VR-lziDDkRnZ8h9qlHPMw?authuser=0&hl=en&rclk=1,28.5685761,77.2247976,3.59,YES
"IELTS Coaching or Tuition Institutes in C R Park, Delhi",28.5387663,77.2388973,https://www.google.com/maps/place/ISL+Competitive+Coaching+Centre/data=!4m7!3m6!1s0x390ce3f390a92bdd:0x88fb2cbbe185b633!8m2!3d28.5718715!4d77.2433884!16s%2Fg%2F11h_wn211k!19sChIJ3SupkPPjDDkRM7aF4bss-4g?authuser=0&hl=en&rclk=1,28.5718715,77.2433884,3.71,YES
"IELTS Coaching or Tuition Institutes in C R Park, Delhi",28.5387663,77.2388973,https://www.google.com/maps/place/Multibhasa+language+learning+classes+Japanese+German+French+spanish+Chinese+Korean/data=!4m7!3m6!1s0x39f11731d5eddbed:0x28fd975f826a8838!8m2!3d28.5733329!4d77.2192065!16s%2Fg%2F11rv2wv4rm!19sChIJ7dvt1TEX8TkROIhqgl-X_Sg?authuser=0&hl=en&rclk=1,28.5733329,77.2192065,4.3,YES
"IELTS Coaching or Tuition Institutes in C R Park, Delhi",28.5387663,77.2388973,https://www.google.com/maps/place/moto+for+Languages/data=!4m7!3m6!1s0x390ce1fc9e3313e7:0xa2ba57091915f693!8m2!3d28.5139724!4d77.2333265!16s%2Fg%2F11ss53r3__!19sChIJ5xMznvzhDDkRk_YVGQlXuqI?authuser=0&hl=en&rclk=1,28.5139724,77.2333265,2.81,YES
"IELTS Coaching or Tuition Institutes in C R Park, Delhi",28.5387663,77.2388973,"https://www.google.com/maps/place/BHARGAV+TUTORIALS%28Premier+Coaching+Institute+for+CBSE,JEE,NEET+%26CUET%29%7CCBSE%286th-12th%29+Best+Tuition+Classes/data=!4m7!3m6!1s0x390d1e0f2095d5af:0x8feb9c5874ee4b54!8m2!3d28.5227734!4d77.179955!16s%2Fg%2F1ptynp75x!19sChIJr9WVIA8eDTkRVEvudFic648?authuser=0&hl=en&rclk=1",28.5227734,77.179955,6.03,YES
"IELTS Coaching or Tuition Institutes in C R Park, Delhi",28.5387663,77.2388973,https://www.google.com/maps/place/English+Evolve+in+Okhla/data=!4m7!3m6!1s0x390ce573ba71b32d:0xd61b68c0656c2259!8m2!3d28.5626561!4d77.2899898!16s%2Fg%2F11y91q19dd!19sChIJLbNxunPlDDkRWSJsZcBoG9Y?authuser=0&hl=en&rclk=1,28.5626561,77.2899898,5.65,YES
"IELTS Coaching or Tuition Institutes in C R Park, Delhi",28.5387663,77.2388973,https://www.google.com/maps/place/Wizardz+Overseas+%7C+Best+Study+Abroad+Consultancy+in+New+Delhi+%7C+Premium+Universities/data=!4m7!3m6!1s0x390d1d11e7dfd111:0x8271055cc77e85da!8m2!3d28.5713445!4d77.2142149!16s%2Fg%2F11pvcswjq5!19sChIJEdHf5xEdDTkR2oV-x1wFcYI?authuser=0&hl=en&rclk=1,28.5713445,77.2142149,4.35,YES
"IELTS Coaching or Tuition Institutes in C R Park, Delhi",28.5387663,77.2388973,https://www.google.com/maps/place/NIPSTec/data=!4m7!3m6!1s0x390ce21c3f306537:0xab73252618bf2aa0!8m2!3d28.5349118!4d77.2104615!16s%2Fg%2F1hc1sp7vd!19sChIJN2UwPxziDDkRoCq_GCYlc6s?authuser=0&hl=en&rclk=1,28.5349118,77.2104615,2.81,YES
"IELTS Coaching or Tuition Institutes in C R Park, Delhi",28.5387663,77.2388973,https://www.google.com/maps/place/IDP+Education+-+Study+Abroad+Consultants+in+South+Delhi+%28Nehru+Place%29/data=!4m7!3m6!1s0x390ce3cf3c20f293:0xa34e41630249e270!8m2!3d28.5506763!4d77.2501602!16s%2Fg%2F11b7hgs0r3!19sChIJk_IgPM_jDDkRcOJJAmNBTqM?authuser=0&hl=en&rclk=1,28.5506763,77.2501602,1.72,YES
"IELTS Coaching or Tuition Institutes in C R Park, Delhi",28.5387663,77.2388973,https://www.google.com/maps/place/YES+Germany+Delhi+-+Study+In+Germany+Consultant+%7C+Study+Abroad+Consultant+In+Delhi+%7C+German+Language+Classes/data=!4m7!3m6!1s0x390cdc3007a91393:0x5f40fbee609fa9db!8m2!3d28.5475125!4d77.2523833!16s%2Fg%2F11bv3r1swr!19sChIJkxOpBzDcDDkR26mfYO77QF8?authuser=0&hl=en&rclk=1,28.5475125,77.2523833,1.64,YES
"IELTS Coaching or Tuition Institutes in C R Park, Delhi",28.5387663,77.2388973,https://www.google.com/maps/place/Plangamy+Education:+Foreign+Language+Classes/data=!4m7!3m6!1s0x390cfb815ea48413:0xc40142bd4b4ac933!8m2!3d28.571168!4d77.2373267!16s%2Fg%2F11h2ppljgs!19sChIJE4SkXoH7DDkRM8lKS71CAcQ?authuser=0&hl=en&rclk=1,28.571168,77.2373267,3.61,YES
"IELTS Coaching or Tuition Institutes in C R Park, Delhi",28.5387663,77.2388973,https://www.google.com/maps/place/Bright+Future+Coaching+Institute/data=!4m7!3m6!1s0x390ce1688006ca2b:0x748d9eb721bba5fc!8m2!3d28.5238013!4d77.2603071!16s%2Fg%2F11tf_4nq6l!19sChIJK8oGgGjhDDkR_KW7IbeejXQ?authuser=0&hl=en&rclk=1,28.5238013,77.2603071,2.67,YES
"IELTS Coaching or Tuition Institutes in C R Park, Delhi",28.5387663,77.2388973,"https://www.google.com/maps/place/Leverage+Edu+-+Study+Abroad+Consultant+in+Nehru+Place,+New+Delhi/data=!4m7!3m6!1s0x390ce3bbb01984e1:0x9ec3ec938b4ba853!8m2!3d28.5510896!4d77.2503105!16s%2Fg%2F11y6zs_432!19sChIJ4YQZsLvjDDkRU6hLi5Psw54?authuser=0&hl=en&rclk=1",28.5510896,77.2503105,1.77,YES
"IELTS Coaching or Tuition Institutes in C R Park, Delhi",28.5387663,77.2388973,https://www.google.com/maps/place/Career+Launcher/data=!4m7!3m6!1s0x390ce76832f4b85b:0x1306e08684b1372e!8m2!3d28.5203265!4d77.2925207!16s%2Fg%2F11ssv0rct3!19sChIJW7j0MmjnDDkRLjexhIbgBhM?authuser=0&hl=en&rclk=1,28.5203265,77.2925207,5.63,YES
"IELTS Coaching or Tuition Institutes in C R Park, Delhi",28.5387663,77.2388973,https://www.google.com/maps/place/Creative+Zone+by+Deepti+Goel/data=!4m7!3m6!1s0x390ce301d8378b7b:0x330277f440475e47!8m2!3d28.5833625!4d77.2406836!16s%2Fg%2F11f1042yvt!19sChIJe4s32AHjDDkRR15HQPR3AjM?authuser=0&hl=en&rclk=1,28.5833625,77.2406836,4.96,YES
"IELTS Coaching or Tuition Institutes in C R Park, Delhi",28.5387663,77.2388973,https://www.google.com/maps/place/The+Shrine+of+English+%7C+the+best+place+to+learn+english+%7C+Madangir+Branch+%7C/data=!4m7!3m6!1s0x390ce1e31b87c565:0xd54329fc5ea181ce!8m2!3d28.5232721!4d77.2302132!16s%2Fg%2F11rxp1f2_0!19sChIJZcWHG-PhDDkRzoGhXvwpQ9U?authuser=0&hl=en&rclk=1,28.5232721,77.2302132,1.92,YES
"IELTS Coaching or Tuition Institutes in C R Park, Delhi",28.5387663,77.2388973,https://www.google.com/maps/place/Veronica+Studies+%7C+Immigration+Consultancy+%26+Study+Visa+-+Educational+Consultant+in+Greater+kailash/data=!4m7!3m6!1s0x390ce3cb2c955555:0x33cfdd43dc8a9e43!8m2!3d28.5534309!4d77.2406051!16s%2Fg%2F11v0tndhtj!19sChIJVVWVLMvjDDkRQ56K3EPdzzM?authuser=0&hl=en&rclk=1,28.5534309,77.2406051,1.64,YES
"IELTS Coaching or Tuition Institutes in C R Park, Delhi",28.5387663,77.2388973,https://www.google.com/maps/place/Pesofts+-+Online+Exam+Software+Provider/data=!4m7!3m6!1s0x390d1df0eac3368b:0xd967d81075af46a0!8m2!3d28.5424705!4d77.1863882!16s%2Fg%2F11f37mnh0x!19sChIJizbD6vAdDTkRoEavdRDYZ9k?authuser=0&hl=en&rclk=1,28.5424705,77.1863882,5.15,YES
"IELTS Coaching or Tuition Institutes in C R Park, Delhi",28.5387663,77.2388973,https://www.google.com/maps/place/Colluni+overseas+education+-+Best+Study+Abroad+Consultants+in+Delhi/data=!4m7!3m6!1s0x390d1d86abfaaaab:0x3eb037434ecd6497!8m2!3d28.5691583!4d77.1877843!16s%2Fg%2F11gd3bkv3d!19sChIJq6r6q4YdDTkRl2TNTkM3sD4?authuser=0&hl=en&rclk=1,28.5691583,77.1877843,6.03,YES
"IELTS Coaching or Tuition Institutes in C R Park, Delhi",28.5387663,77.2388973,https://www.google.com/maps/place/Solutions+Academy/data=!4m7!3m6!1s0x390ce3a7e2e37c4d:0x5f02bee8738c497d!8m2!3d28.5838266!4d77.2495475!16s%2Fg%2F1tfpn20f!19sChIJTXzj4qfjDDkRfUmMc-i-Al8?authuser=0&hl=en&rclk=1,28.5838266,77.2495475,5.12,YES
"IELTS Coaching or Tuition Institutes in C R Park, Delhi",28.5387663,77.2388973,"https://www.google.com/maps/place/Get+Success+Point%E2%84%A2+Coaching+Delhi+:+CUET+Entrance,+SSC,+BANK,+CTET,+CAT,+NDA,+Delhi+Police+Constable/data=!4m7!3m6!1s0x390d1e2382e1b731:0x508e682c03a75f32!8m2!3d28.5008235!4d77.1831487!16s%2Fg%2F11gc9g_wyp!19sChIJMbfhgiMeDTkRMl-nAyxojlA?authuser=0&hl=en&rclk=1",28.5008235,77.1831487,6.89,YES
"IELTS Coaching or Tuition Institutes in C R Park, Delhi",28.5387663,77.2388973,https://www.google.com/maps/place/Studynama+-+The+Mega+Online+Education+Hub/data=!4m7!3m6!1s0x390ce3cf0e1edf83:0x29d65a5796e39ba1!8m2!3d28.5497471!4d77.2501357!16s%2Fg%2F11gh385sdk!19sChIJg98eDs_jDDkRoZvjllda1ik?authuser=0&hl=en&rclk=1,28.5497471,77.2501357,1.64,YES
"IELTS Coaching or Tuition Institutes in Chanakyapuri, Delhi",28.5953724,77.1638949,https://www.google.com/maps/place/Zenit+Excelencia/data=!4m7!3m6!1s0x390d190d8c15ea3f:0x58342b427226f037!8m2!3d28.6277705!4d77.2217526!16s%2Fg%2F11h89djz8c!19sChIJP-oVjA0ZDTkRN_AmckIrNFg?authuser=0&hl=en&rclk=1,28.6277705,77.2217526,6.7,YES
"IELTS Coaching or Tuition Institutes in Chanakyapuri, Delhi",28.5953724,77.1638949,https://www.google.com/maps/place/Emjay+Coaching/data=!4m7!3m6!1s0x390cfd67c78d795d:0x6ae9e6e49594599d!8m2!3d28.6471876!4d77.2046105!16s%2Fg%2F11gdkwvyr0!19sChIJXXmNx2f9DDkRnVmUleTm6Wo?authuser=0&hl=en&rclk=1,28.6471876,77.2046105,7.0,YES
"IELTS Coaching or Tuition Institutes in Chanakyapuri, Delhi",28.5953724,77.1638949,https://www.google.com/maps/place/Verbalhub/data=!4m7!3m6!1s0x390cfd67785cfc07:0x8e60f4e264df069e!8m2!3d28.6446855!4d77.2012267!16s%2Fg%2F11q499vn6v!19sChIJB_xceGf9DDkRngbfZOL0YI4?authuser=0&hl=en&rclk=1,28.6446855,77.2012267,6.58,YES
"IELTS Coaching or Tuition Institutes in Chanakyapuri, Delhi",28.5953724,77.1638949,https://www.google.com/maps/place/ENGLITUTE/data=!4m7!3m6!1s0x390d038c264e113b:0x2472f3fe3868d252!8m2!3d28.6450409!4d77.1704546!16s%2Fg%2F11kq286zpw!19sChIJOxFOJowDDTkRUtJoOP7zciQ?authuser=0&hl=en&rclk=1,28.6450409,77.1704546,5.56,YES
"IELTS Coaching or Tuition Institutes in Chanakyapuri, Delhi",28.5953724,77.1638949,https://www.google.com/maps/place/WHIZ+ACADEMY/data=!4m7!3m6!1s0x390d035a4eaaaa97:0xfc64ffbe7620974e!8m2!3d28.6248928!4d77.1108776!16s%2Fg%2F11f15jwps8!19sChIJl6qqTloDDTkRTpcgdr7_ZPw?authuser=0&hl=en&rclk=1,28.6248928,77.1108776,6.13,YES
"IELTS Coaching or Tuition Institutes in Chanakyapuri, Delhi",28.5953724,77.1638949,https://www.google.com/maps/place/British+Council/data=!4m7!3m6!1s0x390cfd337dcfbf97:0x85ce45e0a4f972e6!8m2!3d28.6271013!4d77.2225856!16s%2Fg%2F1td5pnk8!19sChIJl7_PfTP9DDkR5nL5pOBFzoU?authuser=0&hl=en&rclk=1,28.6271013,77.2225856,6.73,YES
"IELTS Coaching or Tuition Institutes in Chanakyapuri, Delhi",28.5953724,77.1638949,https://www.google.com/maps/place/Texas+Review/data=!4m7!3m6!1s0x390d03ac9c3e4a45:0x6e1ac89a54317df5!8m2!3d28.6482592!4d77.1256398!16s%2Fg%2F11tmr9qt1z!19sChIJRUo-nKwDDTkR9X0xVJrIGm4?authuser=0&hl=en&rclk=1,28.6482592,77.1256398,6.97,YES
"IELTS Coaching or Tuition Institutes in Chanakyapuri, Delhi",28.5953724,77.1638949,https://www.google.com/maps/place/Emjay+Coaching+%7C+Best+IELTS+Coaching+in+Delhi/data=!4m7!3m6!1s0x390d038ad3402ab9:0x99f43e61169801e3!8m2!3d28.64151!4d77.172798!16s%2Fg%2F11stw339tv!19sChIJuSpA04oDDTkR4wGYFmE-9Jk?authuser=0&hl=en&rclk=1,28.64151,77.172798,5.2,YES
"IELTS Coaching or Tuition Institutes in Chanakyapuri, Delhi",28.5953724,77.1638949,https://www.google.com/maps/place/IELTS+By+Tina/data=!4m7!3m6!1s0x390d03f283c234cf:0xd158fbe4cea51911!8m2!3d28.6450931!4d77.122413!16s%2Fg%2F11tsqxf5b0!19sChIJzzTCg_IDDTkRERmlzuT7WNE?authuser=0&hl=en&rclk=1,28.6450931,77.122413,6.85,YES
"IELTS Coaching or Tuition Institutes in Chanakyapuri, Delhi",28.5953724,77.1638949,https://www.google.com/maps/place/Fateh+Education/data=!4m7!3m6!1s0x1467f665caa3069d:0x9d6bed6295b1cdb7!8m2!3d28.6456767!4d77.1686666!16s%2Fg%2F11b5wch63f!19sChIJnQajymX2ZxQRt82xlWLta50?authuser=0&hl=en&rclk=1,28.6456767,77.1686666,5.61,YES
"IELTS Coaching or Tuition Institutes in Chanakyapuri, Delhi",28.5953724,77.1638949,https://www.google.com/maps/place/GoToUniversity/data=!4m7!3m6!1s0x390cfd5ba8685705:0x772ce994eff3a684!8m2!3d28.629375!4d77.2222586!16s%2Fg%2F11fnnxfh1q!19sChIJBVdoqFv9DDkRhKbz75TpLHc?authuser=0&hl=en&rclk=1,28.629375,77.2222586,6.84,YES
"IELTS Coaching or Tuition Institutes in Chanakyapuri, Delhi",28.5953724,77.1638949,https://www.google.com/maps/place/The+Oxford+Academy+-+English+Speaking+Course+in+English+Tuition+Classes+I+English+Institute/data=!4m7!3m6!1s0x390cfd611977c36f:0xa73b951708d7b95d!8m2!3d28.6480201!4d77.1985613!16s%2Fg%2F11bzrfrjyx!19sChIJb8N3GWH9DDkRXbnXCBeVO6c?authuser=0&hl=en&rclk=1,28.6480201,77.1985613,6.76,YES
"IELTS Coaching or Tuition Institutes in Chanakyapuri, Delhi",28.5953724,77.1638949,https://www.google.com/maps/place/Simpli+English-+Online+English+Speaking+Course+Delhi/data=!4m7!3m6!1s0x390d036b27c35a9f:0x51fb7834ec0e0b68!8m2!3d28.6563798!4d77.1665405!16s%2Fg%2F11mvxbsbc8!19sChIJn1rDJ2sDDTkRaAsO7DR4-1E?authuser=0&hl=en&rclk=1,28.6563798,77.1665405,6.79,YES
"IELTS Coaching or Tuition Institutes in Chanakyapuri, Delhi",28.5953724,77.1638949,https://www.google.com/maps/place/SIMLISH+:+by+Simran+Kaur/data=!4m7!3m6!1s0x390d038aab2f31a7:0xb28fedac01eb08d0!8m2!3d28.649786!4d77.1298763!16s%2Fg%2F11t1c64vx4!19sChIJpzEvq4oDDTkR0AjrAaztj7I?authuser=0&hl=en&rclk=1,28.649786,77.1298763,6.9,YES
"IELTS Coaching or Tuition Institutes in Chanakyapuri, Delhi",28.5953724,77.1638949,https://www.google.com/maps/place/Hour+of+Excellence/data=!4m7!3m6!1s0x390d03050be2f18d:0x5f1dac25075126ed!8m2!3d28.6422269!4d77.1175634!16s%2Fg%2F11ly0m7m8v!19sChIJjfHiCwUDDTkR7SZRByWsHV8?authuser=0&hl=en&rclk=1,28.6422269,77.1175634,6.9,YES
"IELTS Coaching or Tuition Institutes in Chanakyapuri, Delhi",28.5953724,77.1638949,https://www.google.com/maps/place/TC+Global+-+West+Delhi+%28The+Chopras%29/data=!4m7!3m6!1s0x1467f5dfd239f765:0x12faa882304bf9ef!8m2!3d28.6446315!4d77.126932!16s%2Fg%2F1t_wmr39!19sChIJZfc50t_1ZxQR7_lLMIKo-hI?authuser=0&hl=en&rclk=1,28.6446315,77.126932,6.56,YES
"IELTS Coaching or Tuition Institutes in Chanakyapuri, Delhi",28.5953724,77.1638949,https://www.google.com/maps/place/EnglishMate+-+English+Speaking+Institute+In+Patel+Nagar/data=!4m7!3m6!1s0x390d02eb049a682b:0x6eb10384302000e9!8m2!3d28.6449096!4d77.169207!16s%2Fg%2F11cpg9y_h9!19sChIJK2iaBOsCDTkR6QAgMIQDsW4?authuser=0&hl=en&rclk=1,28.6449096,77.169207,5.53,YES
"IELTS Coaching or Tuition Institutes in Chanakyapuri, Delhi",28.5953724,77.1638949,"https://www.google.com/maps/place/DR.RASHPAL+BHARADHWAJ+POONAWALA%27S+BACH+FLOWER+REMEDY+Therapist+%26+Trainer,+IELTS,+ADVANCE+ENGLISH+CLASS+corporates./data=!4m7!3m6!1s0x390d04cfee51770d:0xd37ae5545f6db925!8m2!3d28.6081437!4d77.0955181!16s%2Fg%2F11c5bf4w12!19sChIJDXdR7s8EDTkRJbltX1TletM?authuser=0&hl=en&rclk=1",28.6081437,77.0955181,6.82,YES
"IELTS Coaching or Tuition Institutes in Chanakyapuri, Delhi",28.5953724,77.1638949,https://www.google.com/maps/place/Best+English+Speaking+Classes+Delhi%2F+IELTS%2F+TOEFL+Institute-+WizMantra+Spoken+Online/data=!4m7!3m6!1s0x390d02853aaaaaab:0xfb302382a92b9480!8m2!3d28.6553925!4d77.1852162!16s%2Fg%2F11f553zg25!19sChIJq6qqOoUCDTkRgJQrqYIjMPs?authuser=0&hl=en&rclk=1,28.6553925,77.1852162,6.99,YES
"IELTS Coaching or Tuition Institutes in Chanakyapuri, Delhi",28.5953724,77.1638949,https://www.google.com/maps/place/AK+Coaching+%7C+Entrance+Prep+Solution/data=!4m7!3m6!1s0x390d034446400027:0xf37ff80cf7106585!8m2!3d28.6252263!4d77.1120747!16s%2Fg%2F11bttf4hrm!19sChIJJwBARkQDDTkRhWUQ9wz4f_M?authuser=0&hl=en&rclk=1,28.6252263,77.1120747,6.05,YES
"IELTS Coaching or Tuition Institutes in Chanakyapuri, Delhi",28.5953724,77.1638949,https://www.google.com/maps/place/ExploreU+%7C+The+best+institute+of+Personality+Development/data=!4m7!3m6!1s0x390d03a3eff7da23:0x237520cfdc566587!8m2!3d28.6454097!4d77.1679539!16s%2Fg%2F11mdsfsvty!19sChIJI9r376MDDTkRh2VW3M8gdSM?authuser=0&hl=en&rclk=1,28.6454097,77.1679539,5.58,YES
"IELTS Coaching or Tuition Institutes in Chanakyapuri, Delhi",28.5953724,77.1638949,https://www.google.com/maps/place/Career+Companion+Institute+Mahipalpur/data=!4m7!3m6!1s0x390d1dce11e0f797:0xa4dca0799980a84c!8m2!3d28.5451633!4d77.1280313!16s%2Fg%2F11v0y_7bpf!19sChIJl_fgEc4dDTkRTKiAmXmg3KQ?authuser=0&hl=en&rclk=1,28.5451633,77.1280313,6.59,YES
"IELTS Coaching or Tuition Institutes in Chanakyapuri, Delhi",28.5953724,77.1638949,https://www.google.com/maps/place/British+Institute./data=!4m7!3m6!1s0x390d1d1279d05281:0xd532703741c800a9!8m2!3d28.6081203!4d77.1025717!16s%2Fg%2F11gxjypb36!19sChIJgVLQeRIdDTkRqQDIQTdwMtU?authuser=0&hl=en&rclk=1,28.6081203,77.1025717,6.15,YES
"IELTS Coaching or Tuition Institutes in Chirag Delhi, Delhi",28.5388873,77.2230551,https://www.google.com/maps/place/Metier+Academy/data=!4m7!3m6!1s0x390d1f0126f50655:0xf8cfda6a112368b0!8m2!3d28.505792!4d77.1745949!16s%2Fg%2F11fkkzccyv!19sChIJVQb1JgEfDTkRsGgjEWraz_g?authuser=0&hl=en&rclk=1,28.505792,77.1745949,6.0,YES
"IELTS Coaching or Tuition Institutes in Chirag Delhi, Delhi",28.5388873,77.2230551,https://www.google.com/maps/place/THE+SUCCESS+GUSTO+%28TSG%29/data=!4m7!3m6!1s0x390ce1a3dcb4acdb:0x7722bdfe77ce6d18!8m2!3d28.5284894!4d77.2111535!16s%2Fg%2F11h1_0v4vf!19sChIJ26y03KPhDDkRGG3Od_69Inc?authuser=0&hl=en&rclk=1,28.5284894,77.2111535,1.64,YES
"IELTS Coaching or Tuition Institutes in Chirag Delhi, Delhi",28.5388873,77.2230551,https://www.google.com/maps/place/BAFEL/data=!4m7!3m6!1s0x390ce22f6013e5c7:0xdfa3e17d9749ff31!8m2!3d28.539938!4d77.229089!16s%2Fg%2F11dy7brm18!19sChIJx-UTYC_iDDkRMf9Jl33ho98?authuser=0&hl=en&rclk=1,28.539938,77.229089,0.6,YES
"IELTS Coaching or Tuition Institutes in Chirag Delhi, Delhi",28.5388873,77.2230551,https://www.google.com/maps/place/Charms+Education+%26+Immigration+Services/data=!4m7!3m6!1s0x390d0372aa32dc7d:0x2d6198a9ede307e6!8m2!3d28.5499013!4d77.2535322!16s%2Fg%2F11b76brsjq!19sChIJfdwyqnIDDTkR5gfj7amYYS0?authuser=0&hl=en&rclk=1,28.5499013,77.2535322,3.22,YES
"IELTS Coaching or Tuition Institutes in Chirag Delhi, Delhi",28.5388873,77.2230551,https://www.google.com/maps/place/Spoken+English+Classes/data=!4m7!3m6!1s0x390ce1ee00d68361:0x5170f31547d61f60!8m2!3d28.5204928!4d77.2016908!16s%2Fg%2F11h7xt12wk!19sChIJYYPWAO7hDDkRYB_WRxXzcFE?authuser=0&hl=en&rclk=1,28.5204928,77.2016908,2.92,YES
"IELTS Coaching or Tuition Institutes in Chirag Delhi, Delhi",28.5388873,77.2230551,https://www.google.com/maps/place/iQuest+Malviya+Nagar+%7C+Best+Coaching+Center/data=!4m7!3m6!1s0x390ce3e669b4eeab:0xbe5e14f3f39e11e8!8m2!3d28.534698!4d77.2100682!16s%2Fg%2F11nnrqp_xx!19sChIJq-60aebjDDkR6BGe8_MUXr4?authuser=0&hl=en&rclk=1,28.534698,77.2100682,1.35,YES
"IELTS Coaching or Tuition Institutes in Chirag Delhi, Delhi",28.5388873,77.2230551,https://www.google.com/maps/place/Shivang+Institute/data=!4m7!3m6!1s0x390ce1e01e266469:0x31536c2edebb629f!8m2!3d28.52299!4d77.230844!16s%2Fg%2F11v69tqx1z!19sChIJaWQmHuDhDDkRn2K73i5sUzE?authuser=0&hl=en&rclk=1,28.52299,77.230844,1.92,YES
"IELTS Coaching or Tuition Institutes in Chirag Delhi, Delhi",28.5388873,77.2230551,https://www.google.com/maps/place/EnglishAhead+Education+%26+Training/data=!4m7!3m6!1s0x390d1946a3707e19:0xccbc6452a2dca0bc!8m2!3d28.519507!4d77.2066884!16s%2Fg%2F11hbc474cy!19sChIJGX5wo0YZDTkRvKDcolJkvMw?authuser=0&hl=en&rclk=1,28.519507,77.2066884,2.68,YES
"IELTS Coaching or Tuition Institutes in Chirag Delhi, Delhi",28.5388873,77.2230551,https://www.google.com/maps/place/Jitin+Chawla%27s+Centre+for+Career+Development/data=!4m7!3m6!1s0x390cfd68154ebceb:0x8aaec4e3acecaa43!8m2!3d28.569636!4d77.217697!16s%2Fg%2F1tmxpd4_!19sChIJ67xOFWj9DDkRQ6rsrOPEroo?authuser=0&hl=en&rclk=1,28.569636,77.217697,3.46,YES
"IELTS Coaching or Tuition Institutes in Chirag Delhi, Delhi",28.5388873,77.2230551,https://www.google.com/maps/place/Geetanjali+Education+Point/data=!4m7!3m6!1s0x390ce35c5391f893:0x86e154fbc58a671a!8m2!3d28.576825!4d77.22234!16s%2Fg%2F11gh9q7q58!19sChIJk_iRU1zjDDkRGmeKxftU4YY?authuser=0&hl=en&rclk=1,28.576825,77.22234,4.22,YES
"IELTS Coaching or Tuition Institutes in Chirag Delhi, Delhi",28.5388873,77.2230551,https://www.google.com/maps/place/Universal+Adviser+Immigration+Services/data=!4m7!3m6!1s0x390ce33289f8fc77:0x6ce3e838da296828!8m2!3d28.5487418!4d77.2505069!16s%2Fg%2F11fhh4_l0d!19sChIJd_z4iTLjDDkRKGgp2jjo42w?authuser=0&hl=en&rclk=1,28.5487418,77.2505069,2.9,YES
"IELTS Coaching or Tuition Institutes in Chirag Delhi, Delhi",28.5388873,77.2230551,https://www.google.com/maps/place/AL+SAMAD+CLASSES/data=!4m7!3m6!1s0x390ce3242512bbe1:0x1b46c9cb558bbb46!8m2!3d28.571134!4d77.2796537!16s%2Fg%2F11pghsbx9k!19sChIJ4bsSJSTjDDkRRruLVcvJRhs?authuser=0&hl=en&rclk=1,28.571134,77.2796537,6.59,YES
"IELTS Coaching or Tuition Institutes in Chirag Delhi, Delhi",28.5388873,77.2230551,https://www.google.com/maps/place/International+Placewell+Consultants+Pvt.+Ltd.+%28IPC%29/data=!4m7!3m6!1s0x390d1d841aaaaaab:0x4af46a680dc41fc3!8m2!3d28.5692448!4d77.1872381!16s%2Fg%2F1whdgr0x!19sChIJq6qqGoQdDTkRwx_EDWhq9Eo?authuser=0&hl=en&rclk=1,28.5692448,77.1872381,4.86,YES
"IELTS Coaching or Tuition Institutes in Chirag Delhi, Delhi",28.5388873,77.2230551,https://www.google.com/maps/place/Nishant+Academy/data=!4m7!3m6!1s0x390ce336b306e8dd:0x9b52801eee984e63!8m2!3d28.5364009!4d77.2093036!16s%2Fg%2F11hsj1z8gm!19sChIJ3egGszbjDDkRY06Y7h6AUps?authuser=0&hl=en&rclk=1,28.5364009,77.2093036,1.37,YES
"IELTS Coaching or Tuition Institutes in Chirag Delhi, Delhi",28.5388873,77.2230551,https://www.google.com/maps/place/Envision+Overseas+Education+Consultants+-+Delhi/data=!4m7!3m6!1s0x390ce347444e2353:0xd5b32c95511613b7!8m2!3d28.5504719!4d77.2500395!16s%2Fg%2F11rtlzjpjr!19sChIJUyNOREfjDDkRtxMWUZUss9U?authuser=0&hl=en&rclk=1,28.5504719,77.2500395,2.93,YES
"IELTS Coaching or Tuition Institutes in Chirag Delhi, Delhi",28.5388873,77.2230551,https://www.google.com/maps/place/Pyramid+eServices/data=!4m7!3m6!1s0x390ce3c29df9e8ef:0xd26eb272222f104e!8m2!3d28.5473195!4d77.2503488!16s%2Fg%2F11f66t_9cx!19sChIJ7-j5ncLjDDkRThAvInKybtI?authuser=0&hl=en&rclk=1,28.5473195,77.2503488,2.83,YES
"IELTS Coaching or Tuition Institutes in Chirag Delhi, Delhi",28.5388873,77.2230551,https://www.google.com/maps/place/iQuest+Sarita+Vihar+-+Best+Coaching+For+commerce+11th+and+12th+class+in+Satita+vihar/data=!4m7!3m6!1s0x390ce3df7088d7d1:0xa052973243c619b1!8m2!3d28.5349032!4d77.2912619!16s%2Fg%2F11clvg6pwd!19sChIJ0deIcN_jDDkRsRnGQzKXUqA?authuser=0&hl=en&rclk=1,28.5349032,77.2912619,6.68,YES
"IELTS Coaching or Tuition Institutes in Chirag Delhi, Delhi",28.5388873,77.2230551,"https://www.google.com/maps/place/O3+Online+Spoken+English+Classes-+English+Speaking+Course+Online+in+Delhi,+Online+Spoken+English+classes/data=!4m7!3m6!1s0x390d1f6093e18cf7:0x627646a23199d19e!8m2!3d28.4919897!4d77.1820733!16s%2Fg%2F11j4n8ztjc!19sChIJ94zhk2AfDTkRntGZMaJGdmI?authuser=0&hl=en&rclk=1",28.4919897,77.1820733,6.57,YES
"IELTS Coaching or Tuition Institutes in Chirag Delhi, Delhi",28.5388873,77.2230551,https://www.google.com/maps/place/Care+World+Immigration/data=!4m7!3m6!1s0x390ce160745f855d:0x5620a953f93615fb!8m2!3d28.560462!4d77.2796634!16s%2Fg%2F11pv2bgm_7!19sChIJXYVfdGDhDDkR-xU2-VOpIFY?authuser=0&hl=en&rclk=1,28.560462,77.2796634,6.03,YES
"IELTS Coaching or Tuition Institutes in Chirag Delhi, Delhi",28.5388873,77.2230551,https://www.google.com/maps/place/YES+Italy+%7C+Study+Abroad+Consultants/data=!4m7!3m6!1s0xe79d453c353fa91:0xd696c5eb31d8c331!8m2!3d28.548777!4d77.253317!16s%2Fg%2F11vxbvcs1g!19sChIJkfpTw1PUeQ4RMcPYMevFltY?authuser=0&hl=en&rclk=1,28.548777,77.253317,3.15,YES
"IELTS Coaching or Tuition Institutes in Chirag Delhi, Delhi",28.5388873,77.2230551,https://www.google.com/maps/place/Wider+World+Immigration+%7C+Best+Immigration+Consultants+In+Delhi+%7C+Visa+Agents+%7C+Study+Visa+Consultant/data=!4m7!3m6!1s0x390ce3a36d1028b1:0xc372007dd192dd5b!8m2!3d28.5497144!4d77.2500794!16s%2Fg%2F11j1zvgjcw!19sChIJsSgQbaPjDDkRW92S0X0AcsM?authuser=0&hl=en&rclk=1,28.5497144,77.2500794,2.9,YES
"IELTS Coaching or Tuition Institutes in Chirag Delhi, Delhi",28.5388873,77.2230551,https://www.google.com/maps/place/Oxford+Software+Institute+South+Extention/data=!4m7!3m6!1s0x390ce25d0ac35f11:0x3125b97033cf142f!8m2!3d28.5706783!4d77.219955!16s%2Fg%2F1th0wr3f!19sChIJEV_DCl3iDDkRLxTPM3C5JTE?authuser=0&hl=en&rclk=1,28.5706783,77.219955,3.55,YES
"IELTS Coaching or Tuition Institutes in Chirag Delhi, Delhi",28.5388873,77.2230551,https://www.google.com/maps/place/Santure.ai+%7C+Best+Study+Abroad+Consultant+%7C+Powered+by+EduEnroute+Overseas+Pvt+Ltd/data=!4m7!3m6!1s0x390ce32e722f68bb:0x9a19883e3ac6b73e!8m2!3d28.5498792!4d77.2502857!16s%2Fg%2F11h1knc1zp!19sChIJu2gvci7jDDkRPrfGOj6IGZo?authuser=0&hl=en&rclk=1,28.5498792,77.2502857,2.93,YES
"IELTS Coaching or Tuition Institutes in Chirag Delhi, Delhi",28.5388873,77.2230551,https://www.google.com/maps/place/EduCoach+Services/data=!4m7!3m6!1s0x390ce393731bfdaf:0xe1848dd804fad6dc!8m2!3d28.541129!4d77.2185097!16s%2Fg%2F11f0whvgrv!19sChIJr_0bc5PjDDkR3Nb6BNiNhOE?authuser=0&hl=en&rclk=1,28.541129,77.2185097,0.51,YES
"IELTS Coaching or Tuition Institutes in Civil Lines, Delhi",28.6817004,77.2009598,"https://www.google.com/maps/place/Jamboree+Education+:-+Hudson+Lane+Center,+Delhi/data=!4m7!3m6!1s0x390cfd0a90000001:0x95aad386a61209!8m2!3d28.6950438!4d77.2043164!16s%2Fg%2F1tdghn39!19sChIJAQAAkAr9DDkRCRKmhtOqlQA?authuser=0&hl=en&rclk=1",28.6950438,77.2043164,1.52,YES
"IELTS Coaching or Tuition Institutes in Civil Lines, Delhi",28.6817004,77.2009598,https://www.google.com/maps/place/CHRYSLER+IELTS+%26+HOME+TUITION/data=!4m7!3m6!1s0x390cfd1f477ea267:0xd5fb76e28733be6d!8m2!3d28.6925685!4d77.1954284!16s%2Fg%2F11rstg2s4m!19sChIJZ6J-Rx_9DDkRbb4zh-J2-9U?authuser=0&hl=en&rclk=1,28.6925685,77.1954284,1.32,YES
"IELTS Coaching or Tuition Institutes in Civil Lines, Delhi",28.6817004,77.2009598,https://www.google.com/maps/place/ABE+Academy+of+British+English/data=!4m7!3m6!1s0x390cfd77c374b707:0x249c957e40ba4df5!8m2!3d28.6981706!4d77.2056831!16s%2Fg%2F11cn0pypbr!19sChIJB7d0w3f9DDkR9U26QH6VnCQ?authuser=0&hl=en&rclk=1,28.6981706,77.2056831,1.89,YES
"IELTS Coaching or Tuition Institutes in Civil Lines, Delhi",28.6817004,77.2009598,"https://www.google.com/maps/place/Oracle+International+Language+Institute+-+Best+German,+IELTS,+English,+Spanish,+French+Institute+in+Delhi/data=!4m7!3m6!1s0x390cfd738a5f6085:0x8a9a1d4b404430d2!8m2!3d28.6987666!4d77.2055162!16s%2Fg%2F11j8h3f42p!19sChIJhWBfinP9DDkR0jBEQEsdmoo?authuser=0&hl=en&rclk=1",28.6987666,77.2055162,1.95,YES
"IELTS Coaching or Tuition Institutes in Civil Lines, Delhi",28.6817004,77.2009598,https://www.google.com/maps/place/Y-Axis/data=!4m7!3m6!1s0x390ce3607036239d:0x4ae2a2b7c1882de7!8m2!3d28.6305706!4d77.2247533!16s%2Fg%2F11h04gb_xp!19sChIJnSM2cGDjDDkR5y2Iwbei4ko?authuser=0&hl=en&rclk=1,28.6305706,77.2247533,6.14,YES
"IELTS Coaching or Tuition Institutes in Connaught Place, Delhi",28.6289016,77.2049872,https://www.google.com/maps/place/IELTS+Coaching/data=!4m7!3m6!1s0x390cfdc986a3a7bd:0x4a4982d184f40d72!8m2!3d28.6291627!4d77.2249081!16s%2Fg%2F11h2l33jjp!19sChIJvaejhsn9DDkRcg30hNGCSUo?authuser=0&hl=en&rclk=1,28.6291627,77.2249081,1.94,YES
"IELTS Coaching or Tuition Institutes in Connaught Place, Delhi",28.6289016,77.2049872,https://www.google.com/maps/place/Global+Creed/data=!4m7!3m6!1s0x390cfd3690d63b29:0x8cc8f007c2fe254b!8m2!3d28.6325973!4d77.2174089!16s%2Fg%2F11vptxz2y4!19sChIJKTvWkDb9DDkRSyX-wgfwyIw?authuser=0&hl=en&rclk=1,28.6325973,77.2174089,1.28,YES
"IELTS Coaching or Tuition Institutes in Connaught Place, Delhi",28.6289016,77.2049872,https://www.google.com/maps/place/Pragati+The+N+Power/data=!4m7!3m6!1s0x390cfd49be91ad31:0xe4a114673bd093bb!8m2!3d28.6327467!4d77.2220593!16s%2Fg%2F11b6_dc15j!19sChIJMa2Rvkn9DDkRu5PQO2cUoeQ?authuser=0&hl=en&rclk=1,28.6327467,77.2220593,1.72,YES
"IELTS Coaching or Tuition Institutes in Connaught Place, Delhi",28.6289016,77.2049872,"https://www.google.com/maps/place/Oracle+International+Language+Institute+-+Best+Ielts,+English,French,German,Spanish,Arabic,Chinese,+Korean+Classes+in+Delhi/data=!4m7!3m6!1s0x390cfd49ce5d563b:0x76933fe29809ad22!8m2!3d28.6329264!4d77.2222289!16s%2Fg%2F11fyz99r40!19sChIJO1Zdzkn9DDkRIq0JmOI_k3Y?authuser=0&hl=en&rclk=1",28.6329264,77.2222289,1.74,YES
"IELTS Coaching or Tuition Institutes in Connaught Place, Delhi",28.6289016,77.2049872,https://www.google.com/maps/place/StudyIn/data=!4m7!3m6!1s0x390cfd37f5f3e6d5:0x7d6ccf28c54c2!8m2!3d28.6350555!4d77.2185712!16s%2Fg%2F1v93zg4r!19sChIJ1ebz9Tf9DDkRwlSM8szWBwA?authuser=0&hl=en&rclk=1,28.6350555,77.2185712,1.49,YES
"IELTS Coaching or Tuition Institutes in Connaught Place, Delhi",28.6289016,77.2049872,https://www.google.com/maps/place/Canadian+Education+Centre/data=!4m7!3m6!1s0x390cfd32312def79:0xecef531a311ad995!8m2!3d28.6293059!4d77.2237649!16s%2Fg%2F1tdb76df!19sChIJee8tMTL9DDkRldkaMRpT7-w?authuser=0&hl=en&rclk=1,28.6293059,77.2237649,1.83,YES
"IELTS Coaching or Tuition Institutes in Connaught Place, Delhi",28.6289016,77.2049872,https://www.google.com/maps/place/inlingua+Connaught+Place/data=!4m7!3m6!1s0x390cfd3802660ad1:0xf825499a40598e18!8m2!3d28.634645!4d77.217843!16s%2Fg%2F11cn1276w9!19sChIJ0QpmAjj9DDkRGI5ZQJpJJfg?authuser=0&hl=en&rclk=1,28.634645,77.217843,1.41,YES
"IELTS Coaching or Tuition Institutes in Connaught Place, Delhi",28.6289016,77.2049872,"https://www.google.com/maps/place/IMS+Connaught+Place+-+Leader+in+CAT,+XAT,+CMAT,+SNAP,+NMAT+Entrance+Prep/data=!4m7!3m6!1s0x390cfd3146875fdf:0xb3be7a5d98c3bb36!8m2!3d28.6301044!4d77.2255613!16s%2Fg%2F1v3hyc36!19sChIJ31-HRjH9DDkRNrvDmF16vrM?authuser=0&hl=en&rclk=1",28.6301044,77.2255613,2.01,YES
"IELTS Coaching or Tuition Institutes in Defence Colony, Delhi",28.5722578,77.2216718,https://www.google.com/maps/place/IELTS%2FPTE+CLASSES+BY+Megha+kapoor/data=!4m7!3m6!1s0x390ce549e8795c8f:0x4955bbc1cf73f276!8m2!3d28.5873935!4d77.2291652!16s%2Fg%2F11g1dxp96n!19sChIJj1x56EnlDDkRdvJzz8G7VUk?authuser=0&hl=en&rclk=1,28.5873935,77.2291652,1.84,YES
"IELTS Coaching or Tuition Institutes in Defence Colony, Delhi",28.5722578,77.2216718,https://www.google.com/maps/place/Canam+Consultants/data=!4m7!3m6!1s0x390cfd32312def79:0x1fcb0fd3e8e5141d!8m2!3d28.5752873!4d77.2296522!16s%2Fg%2F1vhlwkfl!19sChIJee8tMTL9DDkRHRTl6NMPyx8?authuser=0&hl=en&rclk=1,28.5752873,77.2296522,0.85,YES
"IELTS Coaching or Tuition Institutes in Delhi Cantoment, Delhi",28.5974743,77.0818545,"https://www.google.com/maps/place/Daksh+Study+Circle-+Offering+Top-tier+Coaching+for+Sainik+%26+Military+Schools,+RIMC,+and+Academic+Classes+in+Delhi+Cantt/data=!4m7!3m6!1s0x390d1cbee151d107:0x80c040699612d134!8m2!3d28.5950711!4d77.122567!16s%2Fg%2F12hlm5v55!19sChIJB9FR4b4cDTkRNNESlmlAwIA?authuser=0&hl=en&rclk=1",28.5950711,77.122567,3.98,YES
"IELTS Coaching or Tuition Institutes in Delhi Cantoment, Delhi",28.5974743,77.0818545,https://www.google.com/maps/place/GEETA+KHURANA+CAMPUS+%7C+BEST+IELTS+COACHING+CENTER+IN+JANAKPURI+%7CTILAK+NAGAR+%7CRAJOURI+GARDEN%7C+DELHI%7C+IELTS+INSTITUTE/data=!4m7!3m6!1s0x390d0498b8726423:0x267e04ffdca1d545!8m2!3d28.6360925!4d77.0956248!16s%2Fg%2F11f0l3zqxx!19sChIJI2RyuJgEDTkRRdWh3P8EfiY?authuser=0&hl=en&rclk=1,28.6360925,77.0956248,4.5,YES
"IELTS Coaching or Tuition Institutes in Delhi Cantoment, Delhi",28.5974743,77.0818545,https://www.google.com/maps/place/International+Englishberry+Education+and+Immigration%7C+BEST+IELTS+COACHING%7C+BEST+CELPIP+COACHING%7C+BEST+PTE+COACHING/data=!4m7!3m6!1s0x390d05a32e0e403f:0xcc9e0b57ed2d084a!8m2!3d28.6351678!4d77.0958645!16s%2Fg%2F11hgfvwj7l!19sChIJP0AOLqMFDTkRSggt7VcLnsw?authuser=0&hl=en&rclk=1,28.6351678,77.0958645,4.41,YES
"IELTS Coaching or Tuition Institutes in Delhi Cantoment, Delhi",28.5974743,77.0818545,https://www.google.com/maps/place/BCL+-British+College+of+Language%C2%AE/data=!4m7!3m6!1s0x390d055d1aa73a5b:0xf7a93e507821df14!8m2!3d28.6264078!4d77.0685671!16s%2Fg%2F11gjhf954h!19sChIJWzqnGl0FDTkRFN8heFA-qfc?authuser=0&hl=en&rclk=1,28.6264078,77.0685671,3.47,YES
"IELTS Coaching or Tuition Institutes in Delhi Cantoment, Delhi",28.5974743,77.0818545,https://www.google.com/maps/place/JAI+BHAGWAN+COACHING+CENTER%28since+1997%29/data=!4m7!3m6!1s0x390d1cbe55f885ad:0xe5314cbc819d31ae!8m2!3d28.595585!4d77.12313!16s%2Fg%2F11d_z02_lh!19sChIJrYX4Vb4cDTkRrjGdgbxMMeU?authuser=0&hl=en&rclk=1,28.595585,77.12313,4.04,YES
"IELTS Coaching or Tuition Institutes in Delhi Cantoment, Delhi",28.5974743,77.0818545,https://www.google.com/maps/place/British+St.+Columbia+Academy+Best+IELTS+%2F+Spoken+English+%2F+French+%2F+German+%2F+Spanish+and+computer+classes+in+Delhi/data=!4m7!3m6!1s0x390d035d0aaec5e7:0x976441d3732d55b2!8m2!3d28.6331296!4d77.0977798!16s%2Fg%2F11c1xdxz77!19sChIJ58WuCl0DDTkRslUtc9NBZJc?authuser=0&hl=en&rclk=1,28.6331296,77.0977798,4.26,YES
"IELTS Coaching or Tuition Institutes in Delhi Cantoment, Delhi",28.5974743,77.0818545,https://www.google.com/maps/place/Mindmine+Global/data=!4m7!3m6!1s0x390d056538642bb7:0x90540809f1a9a27d!8m2!3d28.6286296!4d77.0911407!16s%2Fg%2F11h83rxsm_!19sChIJtytkOGUFDTkRfaKp8QkIVJA?authuser=0&hl=en&rclk=1,28.6286296,77.0911407,3.58,YES
"IELTS Coaching or Tuition Institutes in Delhi Cantoment, Delhi",28.5974743,77.0818545,https://www.google.com/maps/place/Best+IELTS+Coaching+in+Delhi+%7C+Speak+N+Skills+%7C+Spoken+English+Classes+in+Janakpuri+%7C+PTE+coaching+%7C+OET+for+nurses/data=!4m7!3m6!1s0x390d05b6386dc151:0x4de86a7c998194ad!8m2!3d28.6291024!4d77.0861334!16s%2Fg%2F11xdwn3crk!19sChIJUcFtOLYFDTkRrZSBmXxq6E0?authuser=0&hl=en&rclk=1,28.6291024,77.0861334,3.54,YES
"IELTS Coaching or Tuition Institutes in Delhi Cantoment, Delhi",28.5974743,77.0818545,https://www.google.com/maps/place/IELTS+COACHING+DWARKA/data=!4m7!3m6!1s0x390d1b164fffffa5:0x7a6d08ccf748db14!8m2!3d28.5849945!4d77.0723638!16s%2Fg%2F11c6t0hjhb!19sChIJpf__TxYbDTkRFNtI98wIbXo?authuser=0&hl=en&rclk=1,28.5849945,77.0723638,1.67,YES
"IELTS Coaching or Tuition Institutes in Delhi Cantoment, Delhi",28.5974743,77.0818545,https://www.google.com/maps/place/Study+n+Skills/data=!4m7!3m6!1s0x390d1bb6f82cd789:0x439532f78c822376!8m2!3d28.5852443!4d77.0706497!16s%2Fg%2F11vr0k7sxf!19sChIJidcs-LYbDTkRdiOCjPcylUM?authuser=0&hl=en&rclk=1,28.5852443,77.0706497,1.75,YES
"IELTS Coaching or Tuition Institutes in Delhi Cantoment, Delhi",28.5974743,77.0818545,https://www.google.com/maps/place/EESA+Academy+-+Best+Spoken+English+%7C+IELTS+%7C+PTE+%7C+OET+%7C+SELT+%7C+DUOLINGO+%7C+LanguageCert+ESOL+classes+in+Mahavir+Enclave./data=!4m7!3m6!1s0x390d1b132f638e71:0x417ebedc75a7d568!8m2!3d28.6039947!4d77.0825757!16s%2Fg%2F11jsr1cxvp!19sChIJcY5jLxMbDTkRaNWnddy-fkE?authuser=0&hl=en&rclk=1,28.6039947,77.0825757,0.73,YES
"IELTS Coaching or Tuition Institutes in Delhi Cantoment, Delhi",28.5974743,77.0818545,https://www.google.com/maps/place/American+British+Language+Excellence+%7C+Best+IELTS+%7C+OET+%7C+PTE+%7C+TOEFL+%7C+SPOKEN+ENGLISH+Classes+in+Uttam+Nagar/data=!4m7!3m6!1s0x390d0562fe651523:0xa15004deea26ccf2!8m2!3d28.624073!4d77.0629337!16s%2Fg%2F11wng551cr!19sChIJIxVl_mIFDTkR8swm6t4EUKE?authuser=0&hl=en&rclk=1,28.624073,77.0629337,3.49,YES
"IELTS Coaching or Tuition Institutes in Delhi Cantoment, Delhi",28.5974743,77.0818545,https://www.google.com/maps/place/career+path+abroad/data=!4m7!3m6!1s0x390d038faf8eb865:0x28ca2edba7cc090e!8m2!3d28.6353708!4d77.0971815!16s%2Fg%2F11f4_6ll4v!19sChIJZbiOr48DDTkRDgnMp9suyig?authuser=0&hl=en&rclk=1,28.6353708,77.0971815,4.47,YES
"IELTS Coaching or Tuition Institutes in Delhi Cantoment, Delhi",28.5974743,77.0818545,https://www.google.com/maps/place/Lakshya+Competitive+institute/data=!4m7!3m6!1s0x390d1b6a03cfc3f9:0x15c2ef9016b3520f!8m2!3d28.5848431!4d77.0864384!16s%2Fg%2F12hw4l9c3!19sChIJ-cPPA2obDTkRD1KzFpDvwhU?authuser=0&hl=en&rclk=1,28.5848431,77.0864384,1.47,YES
"IELTS Coaching or Tuition Institutes in Delhi Cantoment, Delhi",28.5974743,77.0818545,https://www.google.com/maps/place/Nihonkai+Japanese+Language+Institute/data=!4m7!3m6!1s0x390d0365a8c0c945:0x690e375d3cd59fb6!8m2!3d28.6462843!4d77.1104074!16s%2Fg%2F1hm4d7zm9!19sChIJRcnAqGUDDTkRtp_VPF03Dmk?authuser=0&hl=en&rclk=1,28.6462843,77.1104074,6.1,YES
"IELTS Coaching or Tuition Institutes in East Of Kailash, Delhi",28.5573185,77.2405669,https://www.google.com/maps/place/PRATHAM+Test+Prep/data=!4m7!3m6!1s0x390ce3cb377c7273:0x4c7be7166ebad947!8m2!3d28.552585!4d77.2412!16s%2Fg%2F125_z1tbq!19sChIJc3J8N8vjDDkRR9m6bhbne0w?authuser=0&hl=en&rclk=1,28.552585,77.2412,0.53,YES
"IELTS Coaching or Tuition Institutes in East Of Kailash, Delhi",28.5573185,77.2405669,"https://www.google.com/maps/place/Immigrace+English+Academy+-+Premier+Coaching+Center+for+PTE,+IELTS,+GMAT,+GRE,+SAT,+CELPIP,+TOEFL,+and+Language+Training/data=!4m7!3m6!1s0x390ce3efadbab10f:0xb0fdd1e7f1072887!8m2!3d28.5294377!4d77.2189396!16s%2Fg%2F11vx4dbcfy!19sChIJD7G6re_jDDkRhygH8efR_bA?authuser=0&hl=en&rclk=1",28.5294377,77.2189396,3.75,YES
"IELTS Coaching or Tuition Institutes in East Of Kailash, Delhi",28.5573185,77.2405669,https://www.google.com/maps/place/The+British+Institute+Of+English+Language/data=!4m7!3m6!1s0x390ce3b5eb7a6283:0xa380c609c0d8ce59!8m2!3d28.5582703!4d77.2449377!16s%2Fg%2F11xp6vy13w!19sChIJg2J667XjDDkRWc7YwAnGgKM?authuser=0&hl=en&rclk=1,28.5582703,77.2449377,0.44,YES
"IELTS Coaching or Tuition Institutes in East Of Kailash, Delhi",28.5573185,77.2405669,https://www.google.com/maps/place/British+Council+IELTS/data=!4m7!3m6!1s0x390ce3b6d9b89467:0xc8feb87d4c0229ef!8m2!3d28.5499605!4d77.2493845!16s%2Fg%2F11h3qpwyv_!19sChIJZ5S42bbjDDkR7ykCTH24_sg?authuser=0&hl=en&rclk=1,28.5499605,77.2493845,1.19,YES
"IELTS Coaching or Tuition Institutes in Gol Market, Delhi",28.6349601,77.1939607,https://www.google.com/maps/place/American+institute+Karol+Bagh+Center/data=!4m7!3m6!1s0x390d02851e80ae9b:0x683903f1fec2a453!8m2!3d28.656493!4d77.1856871!16s%2Fg%2F11c43qsmwp!19sChIJm66AHoUCDTkRU6TC_vEDOWg?authuser=0&hl=en&rclk=1,28.656493,77.1856871,2.53,YES
"IELTS Coaching or Tuition Institutes in Gol Market, Delhi",28.6349601,77.1939607,https://www.google.com/maps/place/Tutoriam/data=!4m7!3m6!1s0x390cfdf89e807ceb:0xa5020dfa042552d5!8m2!3d28.6543103!4d77.2011148!16s%2Fg%2F11ybkc6mdm!19sChIJ63yAnvj9DDkR1VIlBPoNAqU?authuser=0&hl=en&rclk=1,28.6543103,77.2011148,2.26,YES
"IELTS Coaching or Tuition Institutes in Gol Market, Delhi",28.6349601,77.1939607,"https://www.google.com/maps/place/Jamboree+Education+:-+Raja+Garden,+Delhi/data=!4m7!3m6!1s0x390d0372cb4cb181:0xee4a63b9a1f1ce80!8m2!3d28.6522799!4d77.1290901!16s%2Fg%2F1v9ty8nx!19sChIJgbFMy3IDDTkRgM7xobljSu4?authuser=0&hl=en&rclk=1",28.6522799,77.1290901,6.62,YES
"IELTS Coaching or Tuition Institutes in Gol Market, Delhi",28.6349601,77.1939607,https://www.google.com/maps/place/InstaGyan/data=!4m7!3m6!1s0x390d030d2366eedf:0xc7b9ca113e04f703!8m2!3d28.6525271!4d77.1305105!16s%2Fg%2F11csq29574!19sChIJ3-5mIw0DDTkRA_cEPhHKucc?authuser=0&hl=en&rclk=1,28.6525271,77.1305105,6.49,YES
"IELTS Coaching or Tuition Institutes in Gol Market, Delhi",28.6349601,77.1939607,https://www.google.com/maps/place/Career+Launcher/data=!4m7!3m6!1s0x390cfd36df0d730b:0x8b10fe95d5254c74!8m2!3d28.6324181!4d77.2174716!16s%2Fg%2F1thg8v4x!19sChIJC3MN3zb9DDkRdEwl1ZX-EIs?authuser=0&hl=en&rclk=1,28.6324181,77.2174716,2.31,YES
"IELTS Coaching or Tuition Institutes in Gol Market, Delhi",28.6349601,77.1939607,https://www.google.com/maps/place/TARUN+TUTORIALS/data=!4m7!3m6!1s0x390cfdcb77cee29b:0xf1b12971918f19df!8m2!3d28.6405876!4d77.2099628!16s%2Fg%2F11ft8sv8bt!19sChIJm-LOd8v9DDkR3xmPkXEpsfE?authuser=0&hl=en&rclk=1,28.6405876,77.2099628,1.68,YES
"IELTS Coaching or Tuition Institutes in Gol Market, Delhi",28.6349601,77.1939607,https://www.google.com/maps/place/AnkGanit+%7C+CAT+Coaching+%7C+Most+Elite+Prep+for+CAT/data=!4m7!3m6!1s0x390cfd37d8f9a001:0x5d59f6087812b444!8m2!3d28.6328404!4d77.2174939!16s%2Fg%2F11btvb6klj!19sChIJAaD52Df9DDkRRLQSeAj2WV0?authuser=0&hl=en&rclk=1,28.6328404,77.2174939,2.31,YES
"IELTS Coaching or Tuition Institutes in Gol Market, Delhi",28.6349601,77.1939607,https://www.google.com/maps/place/DS+EDUCATION+WORLD+:+best+institute+in+Delhi/data=!4m7!3m6!1s0x390d03df57bcb893:0xb3711b9ceab29e3a!8m2!3d28.6725961!4d77.1793489!16s%2Fg%2F11smc1wrrc!19sChIJk7i8V98DDTkROp6y6pwbcbM?authuser=0&hl=en&rclk=1,28.6725961,77.1793489,4.42,YES
"IELTS Coaching or Tuition Institutes in Gol Market, Delhi",28.6349601,77.1939607,https://www.google.com/maps/place/Mehfooz+Coaching+Centre/data=!4m7!3m6!1s0x390cfdfacc17979d:0xb6c74154888db586!8m2!3d28.6481901!4d77.2097083!16s%2Fg%2F11h1r05s03!19sChIJnZcXzPr9DDkRhrWNiFRBx7Y?authuser=0&hl=en&rclk=1,28.6481901,77.2097083,2.13,YES
"IELTS Coaching or Tuition Institutes in Gol Market, Delhi",28.6349601,77.1939607,https://www.google.com/maps/place/MOHIT+GHAI+CLASSES/data=!4m7!3m6!1s0x390cfd9e95736181:0xd0c12929befe02d1!8m2!3d28.6431693!4d77.212585!16s%2Fg%2F11t43ppx56!19sChIJgWFzlZ79DDkR0QL-vikpwdA?authuser=0&hl=en&rclk=1,28.6431693,77.212585,2.03,YES
"IELTS Coaching or Tuition Institutes in Gol Market, Delhi",28.6349601,77.1939607,https://www.google.com/maps/place/Sumit+Coaching+Centre/data=!4m7!3m6!1s0x390d029ea9c0b709:0x3b7153860f8402bf!8m2!3d28.6460213!4d77.184585!16s%2Fg%2F1tcznrf4!19sChIJCbfAqZ4CDTkRvwKED4ZTcTs?authuser=0&hl=en&rclk=1,28.6460213,77.184585,1.53,YES
"IELTS Coaching or Tuition Institutes in Gol Market, Delhi",28.6349601,77.1939607,https://www.google.com/maps/place/Surbhi+kapoor+English+classes/data=!4m7!3m6!1s0x390d03a9dc3b8e7f:0x8de2de691aa468dd!8m2!3d28.6612653!4d77.1376863!16s%2Fg%2F11c1wqs418!19sChIJf4473KkDDTkR3WikGmne4o0?authuser=0&hl=en&rclk=1,28.6612653,77.1376863,6.22,YES
"IELTS Coaching or Tuition Institutes in Gol Market, Delhi",28.6349601,77.1939607,https://www.google.com/maps/place/English+World/data=!4m7!3m6!1s0x390d029d068dff69:0x9afa62dfebda8055!8m2!3d28.6484898!4d77.1917623!16s%2Fg%2F1tkmky80!19sChIJaf-NBp0CDTkRVYDa699i-po?authuser=0&hl=en&rclk=1,28.6484898,77.1917623,1.52,YES
"IELTS Coaching or Tuition Institutes in Gol Market, Delhi",28.6349601,77.1939607,https://www.google.com/maps/place/iae+GLOBAL+India/data=!4m7!3m6!1s0x390d04a32afffb2b:0x19bc737a7299288f!8m2!3d28.6492269!4d77.1244767!16s%2Fg%2F11bw3dk2x5!19sChIJK_v_KqMEDTkRjyiZcnpzvBk?authuser=0&hl=en&rclk=1,28.6492269,77.1244767,6.96,YES
"IELTS Coaching or Tuition Institutes in Gol Market, Delhi",28.6349601,77.1939607,https://www.google.com/maps/place/SMAARTshala+%28PLAY+SCHOOL+%26+TUITION+CENTRE%29/data=!4m7!3m6!1s0x390cfd4740a1f5e3:0x19c284ee1ebbbafb!8m2!3d28.6401424!4d77.216663!16s%2Fg%2F11kf3g3zs_!19sChIJ4_WhQEf9DDkR-7q7Hu6Ewhk?authuser=0&hl=en&rclk=1,28.6401424,77.216663,2.29,YES
"IELTS Coaching or Tuition Institutes in Gol Market, Delhi",28.6349601,77.1939607,https://www.google.com/maps/place/Admissify+Edutech+Pvt.+Ltd./data=!4m7!3m6!1s0x390d025798555555:0x6615718388035056!8m2!3d28.6604941!4d77.1475984!16s%2Fg%2F11ddzqdx9z!19sChIJVVVVmFcCDTkRVlADiINxFWY?authuser=0&hl=en&rclk=1,28.6604941,77.1475984,5.34,YES
"IELTS Coaching or Tuition Institutes in Gol Market, Delhi",28.6349601,77.1939607,https://www.google.com/maps/place/Youth+Classes+%26+Culture/data=!4m7!3m6!1s0x390d0391e277943f:0x3a98495a87a1aca!8m2!3d28.6519186!4d77.1876853!16s%2Fg%2F11s4g4vdhg!19sChIJP5R34pEDDTkRyhp6qJWEqQM?authuser=0&hl=en&rclk=1,28.6519186,77.1876853,1.98,YES
"IELTS Coaching or Tuition Institutes in Gol Market, Delhi",28.6349601,77.1939607,https://www.google.com/maps/place/AHZ+Delhi/data=!4m7!3m6!1s0x390ce15176e71807:0x7239f4a91c3a6e6a!8m2!3d28.6273343!4d77.2217408!16s%2Fg%2F11pwvx59fn!19sChIJBxjndlHhDDkRam46HKn0OXI?authuser=0&hl=en&rclk=1,28.6273343,77.2217408,2.84,YES
"IELTS Coaching or Tuition Institutes in Gol Market, Delhi",28.6349601,77.1939607,"https://www.google.com/maps/place/I-View+Academy,+Delhi+%7C+Coaching+Center/data=!4m7!3m6!1s0x390d031afdd642a9:0x2fbd23dae34f8499!8m2!3d28.6921653!4d77.1689608!16s%2Fg%2F11t499p9sw!19sChIJqULW_RoDDTkRmYRP49ojvS8?authuser=0&hl=en&rclk=1",28.6921653,77.1689608,6.81,YES
"IELTS Coaching or Tuition Institutes in Gol Market, Delhi",28.6349601,77.1939607,https://www.google.com/maps/place/The+Instituto+Cervantes+-+New+Delhi/data=!4m7!3m6!1s0x390cfd49855b25b5:0x6674e8a99911e114!8m2!3d28.6298946!4d77.2158891!16s%2Fg%2F1xgrl9zt!19sChIJtSVbhUn9DDkRFOERmanodGY?authuser=0&hl=en&rclk=1,28.6298946,77.2158891,2.21,YES
"IELTS Coaching or Tuition Institutes in Gol Market, Delhi",28.6349601,77.1939607,"https://www.google.com/maps/place/Speak+first+-+Spoken+English+Classes,+Top+Public+Speaking,+Personality+Development+Training+Classes+in+Delhi/data=!4m7!3m6!1s0x390d0355e239c443:0xbb43efe14e38037b!8m2!3d28.6538548!4d77.1482216!16s%2Fg%2F11ydhlt8w1!19sChIJQ8Q54lUDDTkRewM4TuHvQ7s?authuser=0&hl=en&rclk=1",28.6538548,77.1482216,4.93,YES
"IELTS Coaching or Tuition Institutes in Golf Links, Delhi",28.5981977,77.2263378,https://www.google.com/maps/place/LearninGuru+%7C+Study+Abroad+and+Immigration+Consultancy/data=!4m7!3m6!1s0x390ce25b1263dab5:0x78832fc12ef6ae66!8m2!3d28.6055099!4d77.2943306!16s%2Fg%2F11b6sj_mrj!19sChIJtdpjElviDDkRZq72LsEvg3g?authuser=0&hl=en&rclk=1,28.6055099,77.2943306,6.69,YES
"IELTS Coaching or Tuition Institutes in Golf Links, Delhi",28.5981977,77.2263378,https://www.google.com/maps/place/IELTS+Institute/data=!4m7!3m6!1s0x390ce3f10995be9d:0x8931f255837b166a!8m2!3d28.558061!4d77.20635!16s%2Fg%2F11mwjpgcr7!19sChIJnb6VCfHjDDkRahZ7g1XyMYk?authuser=0&hl=en&rclk=1,28.558061,77.20635,4.87,YES
"IELTS Coaching or Tuition Institutes in Golf Links, Delhi",28.5981977,77.2263378,https://www.google.com/maps/place/IELTS+COACHING+%7C+English+Speaking+Course+In+Laxmi+Nagar/data=!4m7!3m6!1s0x390cfd247c4b83f9:0x1fc7cb1447e328da!8m2!3d28.6323539!4d77.2797512!16s%2Fg%2F11c6cfb7_t!19sChIJ-YNLfCT9DDkR2ijjRxTLxx8?authuser=0&hl=en&rclk=1,28.6323539,77.2797512,6.45,YES
"IELTS Coaching or Tuition Institutes in Golf Links, Delhi",28.5981977,77.2263378,https://www.google.com/maps/place/Essence+Point%7CIELTS%7CPTE%7CGERMAN%7CCoaching+Classes+in+Laxminagar/data=!4m7!3m6!1s0x390cfd0dc6fe18ad:0x8f5a6d2e02e33538!8m2!3d28.6345999!4d77.2843631!16s%2Fg%2F11gk10t8nn!19sChIJrRj-xg39DDkRODXjAi5tWo8?authuser=0&hl=en&rclk=1,28.6345999,77.2843631,6.96,YES
"IELTS Coaching or Tuition Institutes in Golf Links, Delhi",28.5981977,77.2263378,https://www.google.com/maps/place/CEA/data=!4m7!3m6!1s0x390cfd4c6cf612f1:0xb854abcdc8075c55!8m2!3d28.6315748!4d77.2795649!16s%2Fg%2F11g1lrs0zl!19sChIJ8RL2bEz9DDkRVVwHyM2rVLg?authuser=0&hl=en&rclk=1,28.6315748,77.2795649,6.39,YES
"IELTS Coaching or Tuition Institutes in Golf Links, Delhi",28.5981977,77.2263378,https://www.google.com/maps/place/Cambridge+English+Academy+%28+CEA+%29+India+Pvt.Ltd/data=!4m7!3m6!1s0x390cfcaef98d7baf:0xab9e79af8102fc2d!8m2!3d28.6322406!4d77.2800809!16s%2Fg%2F1vj5ylp4!19sChIJr3uN-a78DDkRLfwCga95nqs?authuser=0&hl=en&rclk=1,28.6322406,77.2800809,6.47,YES
"IELTS Coaching or Tuition Institutes in Golf Links, Delhi",28.5981977,77.2263378,https://www.google.com/maps/place/Lingua+Franca:+IELTS+and+spoken+English+center/data=!4m7!3m6!1s0x390ce3533cd65341:0xab772d77aba8ecd!8m2!3d28.630096!4d77.2775322!16s%2Fg%2F11dx8qj1rp!19sChIJQVPWPFPjDDkRzY66etdytwo?authuser=0&hl=en&rclk=1,28.630096,77.2775322,6.13,YES
"IELTS Coaching or Tuition Institutes in Golf Links, Delhi",28.5981977,77.2263378,https://www.google.com/maps/place/Britfort+Academy-+Best+IELTS%2FOET%2FPTE%2FTOEFL%2FSpoken+English+Coaching+in+Delhi+%7C+OET+%26+IELTS+Online+Training+in+New+Delhi/data=!4m7!3m6!1s0x390d0561ea5711c1:0x402fc06a66471abb!8m2!3d28.6306151!4d77.2776023!16s%2Fg%2F11lgxn45qh!19sChIJwRFX6mEFDTkRuxpHZmrAL0A?authuser=0&hl=en&rclk=1,28.6306151,77.2776023,6.17,YES
"IELTS Coaching or Tuition Institutes in Golf Links, Delhi",28.5981977,77.2263378,https://www.google.com/maps/place/BRITISH+EXPRESS+%7C+IELTS+%7C+Spoken+English%7C+French%7C+German%7C/data=!4m7!3m6!1s0x390cfcacdfda3531:0xdd42c739eebac01c!8m2!3d28.6304124!4d77.2778267!16s%2Fg%2F11b6b55kpt!19sChIJMTXa36z8DDkRHMC67jnHQt0?authuser=0&hl=en&rclk=1,28.6304124,77.2778267,6.17,YES
"IELTS Coaching or Tuition Institutes in Golf Links, Delhi",28.5981977,77.2263378,https://www.google.com/maps/place/BISL/data=!4m7!3m6!1s0x390cfd9607224661:0x48fb402172b9db40!8m2!3d28.6319406!4d77.2792587!16s%2Fg%2F11gjt5n1ll!19sChIJYUYiB5b9DDkRQNu5ciFA-0g?authuser=0&hl=en&rclk=1,28.6319406,77.2792587,6.38,YES
"IELTS Coaching or Tuition Institutes in Golf Links, Delhi",28.5981977,77.2263378,https://www.google.com/maps/place/BRITISH+LANGUAGE+INSTITUTE+%7C+IELTS+%7C+English+Speaking+Course+in+Laxmi+Nagar/data=!4m7!3m6!1s0x390cfdf496ee77e3:0xb11a686922aa3cba!8m2!3d28.6319649!4d77.2798735!16s%2Fg%2F11j1c_gr1c!19sChIJ43fulvT9DDkRujyqImloGrE?authuser=0&hl=en&rclk=1,28.6319649,77.2798735,6.43,YES
"IELTS Coaching or Tuition Institutes in Golf Links, Delhi",28.5981977,77.2263378,https://www.google.com/maps/place/Brilliant+Academy+of+Learning/data=!4m7!3m6!1s0x390cfd9f87e0ff1d:0xb0928986302f80a!8m2!3d28.6304596!4d77.2777997!16s%2Fg%2F11q3680v9c!19sChIJHf_gh5_9DDkRCvgCY5goCQs?authuser=0&hl=en&rclk=1,28.6304596,77.2777997,6.17,YES
"IELTS Coaching or Tuition Institutes in Golf Links, Delhi",28.5981977,77.2263378,"https://www.google.com/maps/place/Happiness+Institute+of+English+Speaking,+Public+Speaking+and+Personality+Development/data=!4m7!3m6!1s0x390cfd1088c36957:0x2d51e1bb39041552!8m2!3d28.631136!4d77.2779408!16s%2Fg%2F11pr32qntc!19sChIJV2nDiBD9DDkRUhUEObvhUS0?authuser=0&hl=en&rclk=1",28.631136,77.2779408,6.23,YES
"IELTS Coaching or Tuition Institutes in Golf Links, Delhi",28.5981977,77.2263378,https://www.google.com/maps/place/kangokiwi+%7C+IELTS+%26+PTE+coaching/data=!4m7!3m6!1s0x390cfdb3ec9be02d:0x278e5f0bba8fcee9!8m2!3d28.6311702!4d77.2780009!16s%2Fg%2F11hz049vkd!19sChIJLeCb7LP9DDkR6c6Pugtfjic?authuser=0&hl=en&rclk=1,28.6311702,77.2780009,6.23,YES
"IELTS Coaching or Tuition Institutes in Golf Links, Delhi",28.5981977,77.2263378,https://www.google.com/maps/place/Classic+Language+Academy/data=!4m7!3m6!1s0x390cfde132b1d1d9:0xca41d99b2353293!8m2!3d28.6381531!4d77.2728455!16s%2Fg%2F11vc2crmg2!19sChIJ2dGxMuH9DDkRkzI1spkdpAw?authuser=0&hl=en&rclk=1,28.6381531,77.2728455,6.35,YES
"IELTS Coaching or Tuition Institutes in Golf Links, Delhi",28.5981977,77.2263378,https://www.google.com/maps/place/Career+English/data=!4m7!3m6!1s0x390ce3e46ec78ecd:0x759ed938184afd09!8m2!3d28.6207656!4d77.2836586!16s%2Fg%2F11fj2r2sqn!19sChIJzY7HbuTjDDkRCf1KGDjZnnU?authuser=0&hl=en&rclk=1,28.6207656,77.2836586,6.13,YES
"IELTS Coaching or Tuition Institutes in Golf Links, Delhi",28.5981977,77.2263378,https://www.google.com/maps/place/BRITISH-+FRENCH+%7C+GERMAN+CLASSES+IN+LAXMI+NAGAR/data=!4m7!3m6!1s0x390cfd99b74931df:0x2f4cc129f1ac5ea!8m2!3d28.6315236!4d77.2800807!16s%2Fg%2F11ltl89yz7!19sChIJ3zFJt5n9DDkR6sUanxLM9AI?authuser=0&hl=en&rclk=1,28.6315236,77.2800807,6.42,YES
"IELTS Coaching or Tuition Institutes in Golf Links, Delhi",28.5981977,77.2263378,https://www.google.com/maps/place/Niev+Education+-+Spoken+English+Classes+In+Delhi/data=!4m7!3m6!1s0x390ce4a11bffffff:0xfbd3f1fa88b818bc!8m2!3d28.6110527!4d77.2893025!16s%2Fg%2F11ggsg8k8g!19sChIJ____G6HkDDkRvBi4iPrx0_s?authuser=0&hl=en&rclk=1,28.6110527,77.2893025,6.31,YES
"IELTS Coaching or Tuition Institutes in Golf Links, Delhi",28.5981977,77.2263378,https://www.google.com/maps/place/CM+Education+Hub/data=!4m7!3m6!1s0x390cfd9d45c4bafd:0xa39757c0b02568d1!8m2!3d28.6312382!4d77.278983!16s%2Fg%2F11fj6jwzc2!19sChIJ_brERZ39DDkR0WglsMBXl6M?authuser=0&hl=en&rclk=1,28.6312382,77.278983,6.32,YES
"IELTS Coaching or Tuition Institutes in Golf Links, Delhi",28.5981977,77.2263378,https://www.google.com/maps/place/LEBO+Classes+-+Spoken+English+Classes/data=!4m7!3m6!1s0x390cfdc9261f7341:0x171af5c6f5900f8a!8m2!3d28.6365147!4d77.2831162!16s%2Fg%2F11lfgwn0k7!19sChIJQXMfJsn9DDkRig-Q9cb1Ghc?authuser=0&hl=en&rclk=1,28.6365147,77.2831162,6.99,YES
"IELTS Coaching or Tuition Institutes in Greater Kailash I, Delhi",28.5532713,77.2278239,https://www.google.com/maps/place/Vandana+Study+Centre/data=!4m7!3m6!1s0x390ce17fd8421f93:0x29e734548e916b7c!8m2!3d28.533888!4d77.242558!16s%2Fg%2F12ml2vsh7!19sChIJkx9C2H_hDDkRfGuRjlQ05yk?authuser=0&hl=en&rclk=1,28.533888,77.242558,2.59,YES
"IELTS Coaching or Tuition Institutes in Greater Kailash I, Delhi",28.5532713,77.2278239,https://www.google.com/maps/place/T.I.M.E./data=!4m7!3m6!1s0x390ce3cabc2e8b11:0x4825f7df3acb5495!8m2!3d28.5541775!4d77.2437636!16s%2Fg%2F124yndryq!19sChIJEYsuvMrjDDkRlVTLOt_3JUg?authuser=0&hl=en&rclk=1,28.5541775,77.2437636,1.56,YES
"IELTS Coaching or Tuition Institutes in Greater Kailash II, Delhi",28.5347242,77.2315283,https://www.google.com/maps/place/THE+EXUBERANT/data=!4m7!3m6!1s0x390ce308b0e1859f:0xbfd52fa551badc29!8m2!3d28.5520755!4d77.2402256!16s%2Fg%2F11x11w_4bs!19sChIJn4XhsAjjDDkRKdy6UaUv1b8?authuser=0&hl=en&rclk=1,28.5520755,77.2402256,2.11,YES
"IELTS Coaching or Tuition Institutes in Greater Kailash II, Delhi",28.5347242,77.2315283,https://www.google.com/maps/place/THE+BEST+IELTS+Coaching+Center+South+Delhi/data=!4m7!3m6!1s0x390ce3c3b08fd131:0x3455ab1243f0ec1c!8m2!3d28.5332981!4d77.2438572!16s%2Fg%2F11gxmvp__s!19sChIJMdGPsMPjDDkRHOzwQxKrVTQ?authuser=0&hl=en&rclk=1,28.5332981,77.2438572,1.21,YES
"IELTS Coaching or Tuition Institutes in Green Park, Delhi",28.5576739,77.1986732,https://www.google.com/maps/place/Best+English+Learning+Institute+in+Delhi+%7C+English+Speaking+Course+%7C+Launch+Pad+English/data=!4m7!3m6!1s0x390d03b6107461c5:0xf7566d11e5cd7849!8m2!3d28.558361!4d77.2081812!16s%2Fg%2F11ny1m1gs9!19sChIJxWF0ELYDDTkRSXjN5RFtVvc?authuser=0&hl=en&rclk=1,28.558361,77.2081812,0.93,YES
"IELTS Coaching or Tuition Institutes in Green Park, Delhi",28.5576739,77.1986732,https://www.google.com/maps/place/Studymate/data=!4m7!3m6!1s0x390ce3c502e42ded:0xbbc4bc3e307140a5!8m2!3d28.5617383!4d77.20098!16s%2Fg%2F11qqm0pfgg!19sChIJ7S3kAsXjDDkRpUBxMD68xLs?authuser=0&hl=en&rclk=1,28.5617383,77.20098,0.5,YES
"IELTS Coaching or Tuition Institutes in Gulmohar Park, Delhi",28.5575086,77.2074357,https://www.google.com/maps/place/NEXT+Learning+Center/data=!4m7!3m6!1s0x390ce26c70d2f2e3:0xe0e516bbef010a4b!8m2!3d28.5577496!4d77.2114922!16s%2Fg%2F11kpgdswrm!19sChIJ4_LScGziDDkRSwoB77sW5eA?authuser=0&hl=en&rclk=1,28.5577496,77.2114922,0.4,YES
"IELTS Coaching or Tuition Institutes in Gulmohar Park, Delhi",28.5575086,77.2074357,https://www.google.com/maps/place/IELTS+guroo/data=!4m7!3m6!1s0x390ce21c5591bf9b:0x1a67ac62dd18c65!8m2!3d28.5339798!4d77.2090201!16s%2Fg%2F11d_9d90sp!19sChIJm7-RVRziDDkRZYzRLcZ6pgE?authuser=0&hl=en&rclk=1,28.5339798,77.2090201,2.62,YES
"IELTS Coaching or Tuition Institutes in Gulmohar Park, Delhi",28.5575086,77.2074357,https://www.google.com/maps/place/iDreamCareer/data=!4m7!3m6!1s0x390ce25d2fda2ec9:0x603cb53f65b214be!8m2!3d28.5293586!4d77.1490504!16s%2Fg%2F11btx11r6c!19sChIJyS7aL13iDDkRvhSyZT-1PGA?authuser=0&hl=en&rclk=1,28.5293586,77.1490504,6.51,YES
"IELTS Coaching or Tuition Institutes in Gulmohar Park, Delhi",28.5575086,77.2074357,https://www.google.com/maps/place/Mapmystudy/data=!4m7!3m6!1s0x390d1d9667209773:0x28dc24963ed103fe!8m2!3d28.535344!4d77.1523674!16s%2Fg%2F11b5vx9gjv!19sChIJc5cgZ5YdDTkR_gPRPpYk3Cg?authuser=0&hl=en&rclk=1,28.535344,77.1523674,5.92,YES
"IELTS Coaching or Tuition Institutes in Gulmohar Park, Delhi",28.5575086,77.2074357,"https://www.google.com/maps/place/SK+Vidyarthi+Classes%C2%AE+-+Home+Tuition,+Coaching+for+all+Subjects+1st+to+12th+%26+Govt.+Job+Exam/data=!4m7!3m6!1s0x390ce382dcffa437:0x6ceba8b94a04c4cf!8m2!3d28.5762238!4d77.2576482!16s%2Fg%2F11rbnkpv2r!19sChIJN6T_3ILjDDkRz8QESrmo62w?authuser=0&hl=en&rclk=1",28.5762238,77.2576482,5.33,YES
"IELTS Coaching or Tuition Institutes in Gulmohar Park, Delhi",28.5575086,77.2074357,"https://www.google.com/maps/place/Best+Canada+Immigration+Consultants+in+Delhi,+Visitor+Visa,+Australia+Immigration,+Canada+PR,+Australia+PR+-+Visas+Avenue/data=!4m7!3m6!1s0x390ce3c7bf195555:0xcce0b41b60513b18!8m2!3d28.5493134!4d77.2503636!16s%2Fg%2F1q6j3hkd8!19sChIJVVUZv8fjDDkRGDtRYBu04Mw?authuser=0&hl=en&rclk=1",28.5493134,77.2503636,4.29,YES
"IELTS Coaching or Tuition Institutes in Gulmohar Park, Delhi",28.5575086,77.2074357,https://www.google.com/maps/place/Peerless+Immigration+Services/data=!4m7!3m6!1s0x390cfd0fbf39f587:0x76319fc26f1d43f!8m2!3d28.5497633!4d77.2499722!16s%2Fg%2F11kd8pwjrc!19sChIJh_U5vw_9DDkRP9TxJvwZYwc?authuser=0&hl=en&rclk=1,28.5497633,77.2499722,4.24,YES
"IELTS Coaching or Tuition Institutes in Gulmohar Park, Delhi",28.5575086,77.2074357,https://www.google.com/maps/place/EdNet+Consultants+Pvt+Ltd+-+Best+Overseas+Study+Abroad+Education+Consultants+in+Delhi/data=!4m7!3m6!1s0x390ce390be0de4af:0xbd47b8e39099c055!8m2!3d28.5517277!4d77.2679676!16s%2Fg%2F11cmg4rdc_!19sChIJr-QNvpDjDDkRVcCZkOO4R70?authuser=0&hl=en&rclk=1,28.5517277,77.2679676,5.95,YES
"IELTS Coaching or Tuition Institutes in Hauz Khas, Delhi",28.5575086,77.2074357,https://www.google.com/maps/place/Council+Of+International+Languages/data=!4m7!3m6!1s0x390d1d7bf1053ff5:0x1879d41836ebf9c8!8m2!3d28.5530772!4d77.1946585!16s%2Fg%2F11h852vh6z!19sChIJ9T8F8XsdDTkRyPnrNhjUeRg?authuser=0&hl=en&rclk=1,28.5530772,77.1946585,1.34,YES
"IELTS Coaching or Tuition Institutes in Hauz Khas, Delhi",28.5575086,77.2074357,https://www.google.com/maps/place/E-Guroo+The+English+Guroo/data=!4m7!3m6!1s0x390d1df5f8a9aa4b:0x7a7f60615adfff0f!8m2!3d28.5470119!4d77.1945142!16s%2Fg%2F11g6jv45vg!19sChIJS6qp-PUdDTkRD__fWmFgf3o?authuser=0&hl=en&rclk=1,28.5470119,77.1945142,1.72,YES
"IELTS Coaching or Tuition Institutes in Hauz Khas Enclave, Delhi",28.5575086,77.2074357,https://www.google.com/maps/place/adarshacademy/data=!4m7!3m6!1s0x390ce21c51aae6d9:0x13cd737a8af5f483!8m2!3d28.53201!4d77.2128846!16s%2Fg%2F11vk1y3gmf!19sChIJ2eaqURziDDkRg_T1inpzzRM?authuser=0&hl=en&rclk=1,28.53201,77.2128846,2.88,YES
"IELTS Coaching or Tuition Institutes in Hauz Khas Enclave, Delhi",28.5575086,77.2074357,https://www.google.com/maps/place/ADR+CLASSES/data=!4m7!3m6!1s0x390d1d82fe316dbf:0xf0a7e9f752ced58!8m2!3d28.5655501!4d77.1881967!16s%2Fg%2F11g0mc_qht!19sChIJv20x_oIdDTkRWO0sdZ9-Cg8?authuser=0&hl=en&rclk=1,28.5655501,77.1881967,2.08,YES
"IELTS Coaching or Tuition Institutes in Hauz Khas Enclave, Delhi",28.5575086,77.2074357,https://www.google.com/maps/place/Crackerssuper15+classes/data=!4m7!3m6!1s0x390ce3feb8d073ff:0x7f23c51de591201a!8m2!3d28.5409217!4d77.2024306!16s%2Fg%2F11w21_lmt_!19sChIJ_3PQuP7jDDkRGiCR5R3FI38?authuser=0&hl=en&rclk=1,28.5409217,77.2024306,1.91,YES
"IELTS Coaching or Tuition Institutes in Hauz Khas Enclave, Delhi",28.5575086,77.2074357,https://www.google.com/maps/place/Visa+Walk+%7C+Australia+immigration+consultants+in+Delhi+%7C+Canada+Work+Permit+Visa+%7C+Study+Visa+Consultant/data=!4m7!3m6!1s0x390ce4ffd0000001:0xa0cd45582b900d8f!8m2!3d28.5382672!4d77.1982805!16s%2Fg%2F12hl9451t!19sChIJAQAA0P_kDDkRjw2QK1hFzaA?authuser=0&hl=en&rclk=1,28.5382672,77.1982805,2.32,YES
"IELTS Coaching or Tuition Institutes in Hauz Khas Enclave, Delhi",28.5575086,77.2074357,https://www.google.com/maps/place/Vidya+Shakti+Academy/data=!4m7!3m6!1s0x390d1d847aaaaaab:0x9785673ada4f5fcf!8m2!3d28.567924!4d77.1880786!16s%2Fg%2F11y7hjlzmm!19sChIJq6qqeoQdDTkRz19P2jpnhZc?authuser=0&hl=en&rclk=1,28.567924,77.1880786,2.22,YES
"IELTS Coaching or Tuition Institutes in Hauz Khas Enclave, Delhi",28.5575086,77.2074357,https://www.google.com/maps/place/Techno+Kaksha+-+Best+Computer+Institute+in+Delhi/data=!4m7!3m6!1s0x390ce1443c8d3f11:0xd5ce6d52cff325f8!8m2!3d28.5198604!4d77.2034508!16s%2Fg%2F11fkp5xx1x!19sChIJET-NPEThDDkR-CXzz1JtztU?authuser=0&hl=en&rclk=1,28.5198604,77.2034508,4.2,YES
"IELTS Coaching or Tuition Institutes in Hauz Khas Enclave, Delhi",28.5575086,77.2074357,https://www.google.com/maps/place/Sigma+Tutorials/data=!4m7!3m6!1s0x390d1df4cadb7399:0x8181c30496758ce6!8m2!3d28.5252053!4d77.1477797!16s%2Fg%2F11ss4hg3cj!19sChIJmXPbyvQdDTkR5ox1lgTDgYE?authuser=0&hl=en&rclk=1,28.5252053,77.1477797,6.85,YES
"IELTS Coaching or Tuition Institutes in Hauz Khas Enclave, Delhi",28.5575086,77.2074357,https://www.google.com/maps/place/TELW+The+English+Workshop/data=!4m7!3m6!1s0x390ce223ae115af1:0x69083c6ec0701a3d!8m2!3d28.5273522!4d77.2089851!16s%2Fg%2F11c2nqt5yb!19sChIJ8VoRriPiDDkRPRpwwG48CGk?authuser=0&hl=en&rclk=1,28.5273522,77.2089851,3.36,YES
"IELTS Coaching or Tuition Institutes in Hauz Khas Enclave, Delhi",28.5575086,77.2074357,https://www.google.com/maps/place/USA+UnivQuest/data=!4m7!3m6!1s0x390ce21005555555:0xb3880a31557aac0!8m2!3d28.5412974!4d77.2035268!16s%2Fg%2F1yg93py0z!19sChIJVVVVBRDiDDkRwKpXFaOAOAs?authuser=0&hl=en&rclk=1,28.5412974,77.2035268,1.84,YES
"IELTS Coaching or Tuition Institutes in Hauz Khas Enclave, Delhi",28.5575086,77.2074357,https://www.google.com/maps/place/PIE+Education/data=!4m7!3m6!1s0x390ce2057bffffff:0x5cf93904afc633f6!8m2!3d28.5419526!4d77.2041937!16s%2Fg%2F1v_vr8v6!19sChIJ____ewXiDDkR9jPGrwQ5-Vw?authuser=0&hl=en&rclk=1,28.5419526,77.2041937,1.76,YES
"IELTS Coaching or Tuition Institutes in Hauz Khas Enclave, Delhi",28.5575086,77.2074357,https://www.google.com/maps/place/Excellent+Track/data=!4m7!3m6!1s0x390ce38061df8837:0x3c1e4ac10635f31c!8m2!3d28.5720484!4d77.2232471!16s%2Fg%2F11gk7jydxm!19sChIJN4jfYYDjDDkRHPM1BsFKHjw?authuser=0&hl=en&rclk=1,28.5720484,77.2232471,2.24,YES
"IELTS Coaching or Tuition Institutes in Hauz Khas Enclave, Delhi",28.5575086,77.2074357,https://www.google.com/maps/place/Chetanya+Career+Consultants+Pvt.+Ltd./data=!4m7!3m6!1s0x390ce34645031673:0x1a2b8e89e23425ed!8m2!3d28.5689305!4d77.2236395!16s%2Fg%2F11sb96h714!19sChIJcxYDRUbjDDkR7SU04omOKxo?authuser=0&hl=en&rclk=1,28.5689305,77.2236395,2.03,YES
"IELTS Coaching or Tuition Institutes in Jangpura, Delhi",28.5575086,77.2074357,https://www.google.com/maps/place/Meritorious+Academy+Pvt.+Ltd./data=!4m7!3m6!1s0x390ce3073f1338e3:0x77384f9a97c7a33c!8m2!3d28.5824356!4d77.2480967!16s%2Fg%2F11bw1xzsg6!19sChIJ4zgTPwfjDDkRPKPHl5pPOHc?authuser=0&hl=en&rclk=1,28.5824356,77.2480967,4.84,YES
"IELTS Coaching or Tuition Institutes in Jangpura, Delhi",28.5575086,77.2074357,https://www.google.com/maps/place/Lite+English+School+%7C+best+English+speaking+%2F+learning+institute+in+Delhi+%7C+Public+Speaking+Institute/data=!4m7!3m6!1s0x390ce2525eae298b:0xcce79692bb5e6838!8m2!3d28.5823589!4d77.2476483!16s%2Fg%2F11sgzwgmc2!19sChIJiymuXlLiDDkROGheu5KW58w?authuser=0&hl=en&rclk=1,28.5823589,77.2476483,4.8,YES
"IELTS Coaching or Tuition Institutes in Jangpura, Delhi",28.5575086,77.2074357,https://www.google.com/maps/place/Kapoor+Coaching+Academy+since+1951+%28COACHING+CENTER+IN+LAJPAT+NAGAR+in+NEW+DELHI%29/data=!4m7!3m6!1s0x390ce2532c5125bd:0x5abde7b55016b1a1!8m2!3d28.5715035!4d77.2402758!16s%2Fg%2F1pp2tyb15!19sChIJvSVRLFPiDDkRobEWULXnvVo?authuser=0&hl=en&rclk=1,28.5715035,77.2402758,3.56,YES
"IELTS Coaching or Tuition Institutes in Jangpura, Delhi",28.5575086,77.2074357,https://www.google.com/maps/place/TeachersPride/data=!4m7!3m6!1s0x390ce32b1f9ae25b:0xc3eff1543efe9694!8m2!3d28.5838482!4d77.248442!16s%2Fg%2F11h2qn05dv!19sChIJW-KaHyvjDDkRlJb-PlTx78M?authuser=0&hl=en&rclk=1,28.5838482,77.248442,4.96,YES
"IELTS Coaching or Tuition Institutes in Jangpura, Delhi",28.5575086,77.2074357,https://www.google.com/maps/place/Ultimate+Study+Centre/data=!4m7!3m6!1s0x390ce33a4012fc49:0xc07b7d31d6539416!8m2!3d28.5832088!4d77.2466894!16s%2Fg%2F11nx66zs0f!19sChIJSfwSQDrjDDkRFpRT1jF9e8A?authuser=0&hl=en&rclk=1,28.5832088,77.2466894,4.78,YES
"IELTS Coaching or Tuition Institutes in Jangpura, Delhi",28.5575086,77.2074357,https://www.google.com/maps/place/Amity+Institute+For+Competitive+Examinations/data=!4m7!3m6!1s0x390ce24e4b22ca33:0x86f36e74da6bf0e1!8m2!3d28.5677597!4d77.2267535!16s%2Fg%2F1trvjt94!19sChIJM8oiS07iDDkR4fBr2nRu84Y?authuser=0&hl=en&rclk=1,28.5677597,77.2267535,2.2,YES
"IELTS Coaching or Tuition Institutes in Jangpura, Delhi",28.5575086,77.2074357,https://www.google.com/maps/place/Coaching+institute/data=!4m7!3m6!1s0x390ce30d398572d1:0x2736e4400471726!8m2!3d28.5661009!4d77.2384295!16s%2Fg%2F11sff4tks6!19sChIJ0XKFOQ3jDDkRJhdHAERucwI?authuser=0&hl=en&rclk=1,28.5661009,77.2384295,3.17,YES
"IELTS Coaching or Tuition Institutes in Kidwai Nagar, Delhi",28.5575086,77.2074357,https://www.google.com/maps/place/Tenex+Tutorials/data=!4m7!3m6!1s0x390ce286c65ae1bd:0x81b17ca1ed32114d!8m2!3d28.572903!4d77.2113!16s%2Fg%2F11dxcrpb9z!19sChIJveFaxobiDDkRTREy7aF8sYE?authuser=0&hl=en&rclk=1,28.572903,77.2113,1.75,YES
"IELTS Coaching or Tuition Institutes in Lajpat Nagar, Delhi",28.5575086,77.2074357,https://www.google.com/maps/place/Ekam+Academy+For+IELTS+and+SAT.%28We+help+Students+to+get+admission+in+the+best+Universities+around+the+Globe%29/data=!4m7!3m6!1s0x390ce3ee92d21553:0xdc329aa9abeceb9d!8m2!3d28.5786088!4d77.2446584!16s%2Fg%2F11w4m58xcg!19sChIJUxXSku7jDDkRnevsq6maMtw?authuser=0&hl=en&rclk=1,28.5786088,77.2446584,4.33,YES
"IELTS Coaching or Tuition Institutes in Lajpat Nagar, Delhi",28.5575086,77.2074357,https://www.google.com/maps/place/Infinite+School+of+Learning/data=!4m7!3m6!1s0x390ce3acf881b789:0x292a4b219eaa99c5!8m2!3d28.571878!4d77.243383!16s%2Fg%2F11bysjpcfg!19sChIJibeB-KzjDDkRxZmqniFLKik?authuser=0&hl=en&rclk=1,28.571878,77.243383,3.86,YES
"IELTS Coaching or Tuition Institutes in Lajpat Nagar, Delhi",28.5575086,77.2074357,https://www.google.com/maps/place/PINNACLE+ACADEMY+%28CBSE%2FNEET%2FIIT+JEE%2FISC%29/data=!4m7!3m6!1s0x390ce3c7914f7c4b:0x2141381edb0ea737!8m2!3d28.560961!4d77.246115!16s%2Fg%2F1pp2tv_cr!19sChIJS3xPkcfjDDkRN6cO2x44QSE?authuser=0&hl=en&rclk=1,28.560961,77.246115,3.8,YES
"IELTS Coaching or Tuition Institutes in Lajpat Nagar, Delhi",28.5575086,77.2074357,https://www.google.com/maps/place/Litera+Centre/data=!4m7!3m6!1s0x390ce3e7e2d2d0d3:0xec391d428c4e8eba!8m2!3d28.5672827!4d77.246982!16s%2Fg%2F11pd2_wkq5!19sChIJ09DS4ufjDDkRuo5OjEIdOew?authuser=0&hl=en&rclk=1,28.5672827,77.246982,4.01,YES
"IELTS Coaching or Tuition Institutes in Malviya Nagar, Delhi",28.5575086,77.2074357,https://www.google.com/maps/place/American+institute+of+english+language+Pvt+Ltd/data=!4m7!3m6!1s0x390ce345fa6bf4c7:0x60fee369f4f7c2dd!8m2!3d28.5373325!4d77.2102134!16s%2Fg%2F11mqwkb0_8!19sChIJx_Rr-kXjDDkR3cL39Gnj_mA?authuser=0&hl=en&rclk=1,28.5373325,77.2102134,2.26,YES
"IELTS Coaching or Tuition Institutes in Malviya Nagar, Delhi",28.5575086,77.2074357,https://www.google.com/maps/place/Achievers+Academy/data=!4m7!3m6!1s0x390ce383a9c70737:0xa58f1e4eadb60700!8m2!3d28.5347667!4d77.2145584!16s%2Fg%2F11yct8kqbn!19sChIJNwfHqYPjDDkRAAe2rU4ej6U?authuser=0&hl=en&rclk=1,28.5347667,77.2145584,2.62,YES
"IELTS Coaching or Tuition Institutes in Moti Bagh, Delhi",28.5575086,77.2074357,https://www.google.com/maps/place/RSG+Classes/data=!4m7!3m6!1s0x390d1d915a42161f:0x48801ade4b9a13e9!8m2!3d28.5879999!4d77.1682886!16s%2Fg%2F11fb0s24j1!19sChIJHxZCWpEdDTkR6ROaS94agEg?authuser=0&hl=en&rclk=1,28.5879999,77.1682886,5.11,YES
