URL,Name,Address,Website,Phone,Store_Type,Operating_Status,Operating_Hours,Rating,Review_Count,Permanently_Closed,Latitude,Longitude,url,Original_URL,Emails,Career_Page_URL
https://www.google.com/maps/place/Brainovision+Solutions+India+Pvt.Ltd/data=!4m7!3m6!1s0x3bcb93d6209e0f0d:0x72128a1562516f7f!8m2!3d17.4510948!4d78.3918115!16s%2Fg%2F11dymnnfr2!19sChIJDQ-eINaTyzsRf29RYhWKEnI?authuser=0&hl=en&rclk=1,Brainovision Solutions India Pvt.Ltd,"2nd Floor, SS Chambers, 202, near 100 Feet Road, Ayyappa Society, Mega Hills, Madhapur, Hyderabad, Telangana 500081",Not Found,7207775039,Software company,Open,Closes 6 pm,4.6,Not Found,No,6209,78.3918115,Not Foundcareers,Not Found,Error,Error
https://www.google.com/maps/place/Cloudrevolute+India+Private+Limited/data=!4m7!3m6!1s0x39edb75dcfffffff:0x4603692932ed591e!8m2!3d17.453387!4d78.3954875!16s%2Fg%2F11cmhbz_b_!19sChIJ____z1237TkRHlntMilpA0Y?authuser=0&hl=en&rclk=1,Cloudrevolute India Private Limited,"2-52/2/24, Megha Hills Colony, Survey of India Colony, Chanda Naik Nagar, Madhapur, Hyderabad, Telangana 500081",Not Found,9100745198,Software company,Open,Closes 6 pm,4.3,Not Found,No,17.453387,78.3954875,Not Foundcareers,Not Found,Error,Error
https://www.google.com/maps/place/Appzit+Technologies+Pvt+Ltd/data=!4m7!3m6!1s0x3bcb9147aa6fcc3b:0x54409feec6b01958!8m2!3d17.4520144!4d78.3934213!16s%2Fg%2F11s3pww92l!19sChIJO8xvqkeRyzsRWBmwxu6fQFQ?authuser=0&hl=en&rclk=1,Appzit Technologies Pvt Ltd,"Uptown Cyberabad Building, Block C - 4th Floor, 100 Feet Rd, Ayyappa Society, Madhapur, Telangana 500081",Not Found,Phone Number Not Found,Software company,Open,Not Found,5,Not Found,No,17.4520144,78.3934213,Not Foundcareers,Not Found,Error,Error
https://www.google.com/maps/place/Aadi+Overseas+Services/data=!4m7!3m6!1s0x3bcb91f5ff577b57:0x2cef766e1619ac81!8m2!3d17.4518236!4d78.3920722!16s%2Fg%2F11stz49mtn!19sChIJV3tX__WRyzsRgawZFm527yw?authuser=0&hl=en&rclk=1,Aadi Overseas Services,"5th floor, Plot No, 803, 100 Feet Rd, opp. YSR Statue, Ayyappa Society, Mega Hills, Madhapur, Hyderabad, Telangana 500081",Not Found,Phone Number Not Found,Unemployment office,Open,Not Found,4.8,13,No,17.4518236,78.3920722,Not Foundcareers,Not Found,Error,Error
https://www.google.com/maps/place/MyAccounts+Online+Softwares+Private+Limited/data=!4m7!3m6!1s0x3bcb916718d39ae7:0x9a7afe2b783b96cc!8m2!3d17.4493145!4d78.3866985!16s%2Fg%2F1tj1kz8g!19sChIJ55rTGGeRyzsRzJY7eCv-epo?authuser=0&hl=en&rclk=1,MyAccounts Online Softwares Private Limited,"H. No. 1-98/8/C/18, Plot 1/B, Flat-201, Vasuki Chandini Jewel,Jaihind layout, near Image Gardens Function Hall, Madhapur, Telangana 500081",Not Found,9030098842,Software company,Open,Closes 8 pm,4.7,Not Found,No,17.4493145,78.3866985,Not Foundcareers,Not Found,Error,Error
https://www.google.com/maps/place/Scuti+Tech+Labs+Pvt+Ltd./data=!4m7!3m6!1s0x3bcb915f46bf91cd:0x226086d527dd6791!8m2!3d17.453497!4d78.394861!16s%2Fg%2F11gj3_hzp1!19sChIJzZG_Rl-RyzsRkWfdJ9WGYCI?authuser=0&hl=en&rclk=1,Scuti Tech Labs Pvt Ltd.,"4 Floor, 705, Sanvi Towers, Rd Number 37, Survey of India Colony, Chanda Naik Nagar, Madhapur, Hyderabad, Telangana 500081",Not Found,Phone Number Not Found,Software company,Open,Closes 7 pm,4.3,Not Found,No,17.453497,78.394861,Not Foundcareers,Not Found,Error,Error
https://www.google.com/maps/place/Centillionz+IT+Solutions+Pvt+Ltd/data=!4m7!3m6!1s0x3bcb97d4c35d854b:0x439cfd59cdbb539f!8m2!3d17.4527265!4d78.3907344!16s%2Fg%2F11fmsrph3w!19sChIJS4Vdw9SXyzsRn1O7zVn9nEM?authuser=0&hl=en&rclk=1,Centillionz IT Solutions Pvt Ltd,"1st floor, Sai Ganesh Towers, 100, Jai Hind Gandhi Rd, Chanda Naik Nagar, Madhapur, Hyderabad, Telangana 500081",Not Found,Phone Number Not Found,Software company,Open,Opens 6:30 pm,3.7,Not Found,No,17.4527265,78.3907344,Not Foundcareers,Not Found,Error,Error
https://www.google.com/maps/place/Pinakam+IT+Solutions/data=!4m7!3m6!1s0x3bcb91510c2325ab:0x13a728fcfd0eecea!8m2!3d17.4549961!4d78.3924401!16s%2Fg%2F11y62bpyyd!19sChIJqyUjDFGRyzsR6uwO_fwopxM?authuser=0&hl=en&rclk=1,Pinakam IT Solutions,"P.No: 6, Chanda Naik Nagar, Madhapur, Gafoornagar, Hyderabad, Telangana 500081",Not Found,8328112909,Software company,Open,Closes 5 pm,5,2,No,17.4549961,78.3924401,Not Foundcareers,Not Found,Error,Error
https://www.google.com/maps/place/SunviENG+Pvt+Ltd/data=!4m7!3m6!1s0x3bcb914ad99529af:0x3504b06c71e366dd!8m2!3d17.4515571!4d78.3927985!16s%2Fg%2F11rk4m4k09!19sChIJrymV2UqRyzsR3WbjcWywBDU?authuser=0&hl=en&rclk=1,SunviENG Pvt Ltd,"5th Floor, Sri Swamy Ayyappa Society, Co-Operative Housing Society, Lakshmi Narayana Complex, Plot No.799 to 801, Madhapur, Hyderabad, Telangana 500081",Not Found,Phone Number Not Found,Software company,Open,Not Found,4.4,Not Found,No,17.4515571,78.3927985,Not Foundcareers,Not Found,Error,Error
https://www.google.com/maps/place/2020+Productions/data=!4m7!3m6!1s0x3bcb91ddd762478b:0x7b971c6924c506e1!8m2!3d17.4537853!4d78.394424!16s%2Fg%2F11r10w33p_!19sChIJi0di192RyzsR4QbFJGkcl3s?authuser=0&hl=en&rclk=1,2020 Productions,"1st Floor, Plot No.656, Road No. 36, Survey Of India Ayyappa Society, Survey of India Colony, Chanda Naik Nagar, Madhapur, Hyderabad, Telangana 500081",Not Found,Phone Number Not Found,Software company,Open,Closes 9:30 pm,4.6,21,No,17.4537853,78.394424,Not Foundcareers,Not Found,Error,Error
https://www.google.com/maps/place/AYD+Solutions+Pvt.Ltd./data=!4m7!3m6!1s0x3bcb9f8ca72526a3:0xa74ebedc056aa51e!8m2!3d17.4520144!4d78.3934213!16s%2Fg%2F11l5jxz98t!19sChIJoyYlp4yfyzsRHqVqBdy-Tqc?authuser=0&hl=en&rclk=1,AYD Solutions Pvt.Ltd.,"Chanda Naik Nagar, Madhapur, Hyderabad, Telangana 500081",Not Found,7672005234,Software company,Open,Not Found,5,Not Found,No,17.4520144,78.3934213,Not Foundcareers,Not Found,Error,Error
https://www.google.com/maps/place/VixSpace/data=!4m7!3m6!1s0x3bcb935a70914c63:0x4f186ab3d9114088!8m2!3d17.436578!4d78.3668704!16s%2Fg%2F11h3mtbk0v!19sChIJY0yRcFqTyzsRiEAR2bNqGE8?authuser=0&hl=en&rclk=1,VixSpace,"2nd floor, Vaishnavi's Cynosure, P Janardhan Reddy Nagar, Gachibowli, Hyderabad, Telangana 500032",Not Found,9100779400,Software company,Open,Closes 6:30 pm,4.9,352,No,9114088,78.3668704,Not Foundcareers,Not Found,Error,Error
https://www.google.com/maps/place/Springlogix+Software+Private+Limited/data=!4m7!3m6!1s0x3bcb91610ebf373f:0x22c563399ad1436e!8m2!3d17.4506757!4d78.3894435!16s%2Fg%2F11tcfgd2dr!19sChIJPze_DmGRyzsRbkPRmjljxSI?authuser=0&hl=en&rclk=1,Springlogix Software Private Limited,"F92Q+7QG, Rd Number 20, VIP Hills, Jaihind Enclave, Madhapur, Hyderabad, Telangana 500081",Not Found,8106628761,Software company,Open,Closes 10 pm,4,7,No,17.4506757,78.3894435,Not Foundcareers,Not Found,Error,Error
https://www.google.com/maps/place/Saiga+Software+Solutions+Pvt.+Ltd./data=!4m7!3m6!1s0x3bcb91ed0ffb86bf:0x98dde7a203026491!8m2!3d17.4548377!4d78.3891806!16s%2Fg%2F11r06g95w5!19sChIJv4b7D-2RyzsRkWQCA6Ln3Zg?authuser=0&hl=en&rclk=1,Saiga Software Solutions Pvt. Ltd.,"Flat No. 104, Rama Tulasi Residency, Plot No. 477, 100 Feet Rd, Swamy Ayyappa Society, Siddhi Vinayak Nagar, Madhapur, Hyderabad, Telangana 500081",Not Found,4071327156,Software company,Open,Closes 6 pm,4.8,Not Found,No,17.4548377,78.3891806,Not Foundcareers,Not Found,Error,Error
https://www.google.com/maps/place/Velsprint+Technologies+Pvt+Ltd/data=!4m7!3m6!1s0x4b9561e4f3cad8bf:0x8a180a00a258a270!8m2!3d17.4553!4d78.3938044!16s%2Fg%2F11y2tqrz3n!19sChIJv9jK8-RhlUsRcKJYogAKGIo?authuser=0&hl=en&rclk=1,Velsprint Technologies Pvt Ltd,"simharaju's, Survey Of India Ayyappa Society, Survey of India Colony, Chanda Naik Nagar, Madhapur, Hyderabad, Telangana 500081",http://velsprint.in/,8919654677,Software company,Open,Closes 7 pm,Not Found,Not Found,No,17.4553,78.3938044,http://velsprint.in/careers,http://velsprint.in/,Error,Error
https://www.google.com/maps/place/KMB+Software+Solutions+pvt+ltd/data=!4m7!3m6!1s0x3bcb913075f7b207:0xedae72e9064bd603!8m2!3d17.4515229!4d78.3927992!16s%2Fg%2F11s9qhzkzz!19sChIJB7L3dTCRyzsRA9ZLBulyru0?authuser=0&hl=en&rclk=1,KMB Software Solutions pvt ltd,"F92V+J43, 100 Feet Rd, SBH Officers Colony, Mega Hills, Madhapur, Hyderabad, Telangana 500081",Not Found,Phone Number Not Found,Corporate office,Open,Opens 6:30 pm,5,Not Found,No,17.4515229,78.3927992,Not Foundcareers,Not Found,Error,Error
https://www.google.com/maps/place/Allakonda+software+company/data=!4m7!3m6!1s0x3bcb91004d45f30d:0x3e2631803a9fc0d5!8m2!3d17.4469347!4d78.3938421!16s%2Fg%2F11y3st_b9r!19sChIJDfNFTQCRyzsR1cCfOoAxJj4?authuser=0&hl=en&rclk=1,Allakonda software company,"939, Road No. 57, Sri Sai Nagar, Madhapur, Hyderabad, Telangana 500081",Not Found,Phone Number Not Found,Corporate office,Open,Closes 12 am,3,Not Found,No,17.4469347,45,Not Foundcareers,Not Found,Error,Error
https://www.google.com/maps/place/Debug+D+Info+Solutions/data=!4m7!3m6!1s0x3bcb9133f76f5023:0xff731d5e9ccfd028!8m2!3d17.4526028!4d78.3954705!16s%2Fg%2F11ymk99pry!19sChIJI1Bv9zORyzsRKNDPnF4dc_8?authuser=0&hl=en&rclk=1,Debug D Info Solutions,"775, 1st Floor, Balaji Nilayam,PNo:, Rd Number 38, Ayyappa Society, Chanda Naik Nagar, Madhapur, Hyderabad, Telangana 500081",Not Found,4045257599,Software company,Not Found,Not Found,5,Not Found,No,17.4526028,78.3954705,Not Foundcareers,Not Found,Error,Error
https://www.google.com/maps/place/EVONTEX+IT+SOLUTIONS+PVT.+LTD/data=!4m7!3m6!1s0x3bcb93ec20baa5e9:0x7b389fb0d6e59641!8m2!3d17.4366865!4d78.3671139!16s%2Fg%2F11by_h6s9p!19sChIJ6aW6IOyTyzsRQZbl1rCfOHs?authuser=0&hl=en&rclk=1,EVONTEX IT SOLUTIONS PVT. LTD,"Kondapur, Gachibowli Rd, Opp. RTTC, Telecom Nagar Extension, Gachibowli, Hyderabad, Telangana 500032",Not Found,8099933305,Software company,Open,Not Found,4.6,Not Found,No,17.4366865,78.3671139,Not Foundcareers,Not Found,Error,Error
https://www.google.com/maps/place/Hyse+Placement+Services+Private+Limited/data=!4m7!3m6!1s0x3bcb9a4318dc86a1:0x445efc913021570f!8m2!3d17.4501325!4d78.3919771!16s%2Fg%2F11ggrs0wjp!19sChIJoYbcGEOayzsRD1chMJH8XkQ?authuser=0&hl=en&rclk=1,Hyse Placement Services Private Limited,"2nd floor, Rd Number 48, SBH Officers Colony, Mega Hills, Madhapur, Hyderabad, Telangana 500081",Not Found,9666856432,Employment consultant,Open,Closes 6 pm,4.2,540,No,17.4501325,78.3919771,Not Foundcareers,Not Found,Error,Error
https://www.google.com/maps/place/GenQtech+Solutions+%7C%7C+Best+Software+Company+in+Hyderabad/data=!4m7!3m6!1s0x3bcb955ae726e9f9:0x49d0eb07ca516768!8m2!3d17.414272!4d78.3833314!16s%2Fg%2F11nmhkjkcb!19sChIJ-ekm51qVyzsRaGdRygfr0Ek?authuser=0&hl=en&rclk=1,GenQtech Solutions || Best Software Company in Hyderabad,"Lig -9/610 , Chitrapuri Hills , near by Kairos school , Manikonda, Hyderabad, Telangana 500104",Not Found,8096815706,Software company,Open,Closes 7 pm,4.9,55,No,17.414272,78.3833314,Not Foundcareers,Not Found,Error,Error
https://www.google.com/maps/place/Dell+International+Services+India+Pvt.+Ltd./data=!4m7!3m6!1s0x3bcb93ddedcbbfd5:0xd70da8bf16b3f154!8m2!3d17.447296!4d78.3744399!16s%2Fg%2F1v_n9znp!19sChIJ1b_L7d2TyzsRVPGzFr-oDdc?authuser=0&hl=en&rclk=1,Dell International Services India Pvt. Ltd.,"C9WF+WQ7 Cyber Gateways, Hitech City Main Rd, Phase 2, HITEC City, Hyderabad, Telangana 500081",Not Found,Phone Number Not Found,Software company,Open,Not Found,4.5,Not Found,No,17.447296,78.3744399,Not Foundcareers,Not Found,Error,Error
https://www.google.com/maps/place/Solutohub+Technologies+Llp/data=!4m7!3m6!1s0x3bcb931ac1e5a6c1:0xc2c24b34ad44cf40!8m2!3d17.4475931!4d78.3794152!16s%2Fg%2F11j7hyq8h3!19sChIJwablwRqTyzsRQM9ErTRLwsI?authuser=0&hl=en&rclk=1,Solutohub Technologies Llp,"Level6,JSP Imperia Business Center, Solutohub St No 3 Patrika Nagar, Hi-Tech City, Madhapur, Telangana 500081",Not Found,8919704709,Software company,Open,Closes 8 pm,4.8,Not Found,No,17.4475931,78.3794152,Not Foundcareers,Not Found,Error,Error
https://www.google.com/maps/place/J+V+P+Soft+Pvt+Ltd/data=!4m7!3m6!1s0x3bcb93ddedcbbfd5:0xae02553d93311c03!8m2!3d17.4392128!4d78.3787233!16s%2Fg%2F1tdz7w6n!19sChIJ1b_L7d2TyzsRAxwxkz1VAq4?authuser=0&hl=en&rclk=1,J V P Soft Pvt Ltd,"Plot No-5, Software Units Layout, Madhapur, Hyderabad, Telangana 500081",Not Found,Phone Number Not Found,Software company,Open,Not Found,4.1,Not Found,No,93311,78.3787233,Not Foundcareers,Not Found,Error,Error
https://www.google.com/maps/place/SAILOTECH+Private+Limited/data=!4m7!3m6!1s0x3bcb91610412a9ab:0x275e0848576b0e3!8m2!3d17.4451535!4d78.3766449!16s%2Fg%2F11b76vqp0j!19sChIJq6kSBGGRyzsR47B2hYTgdQI?authuser=0&hl=en&rclk=1,SAILOTECH Private Limited,"CYBER PEARL, Hitech City Main Rd, Phase 2, HITEC City, Hyderabad, Telangana 500081",Not Found,4040022002,Software company,Open,Closes 7 pm,4.1,Not Found,No,17.4451535,78.3766449,Not Foundcareers,Not Found,Error,Error
https://www.google.com/maps/place/Rainsoft+Global+Software+Solutions/data=!4m7!3m6!1s0x3bcb9381f25b5d27:0x449dd16d3bada6f!8m2!3d17.4468563!4d78.3804818!16s%2Fg%2F11t1sl72l6!19sChIJJ11b8oGTyzsRb9q60xbdSQQ?authuser=0&hl=en&rclk=1,Rainsoft Global Software Solutions,"Madhu Residency, opposite Medicover 102, behind Cyber tower's, Hyderabad, Telangana 500081",http://www.rainsoftglobal.com/,4031945995,Software company,Open,Not Found,4.9,Not Found,No,17.4468563,78.3804818,http://www.rainsoftglobal.com/careers,http://www.rainsoftglobal.com/,Error,Error
https://www.google.com/maps/place/Vedams+Towers/data=!4m7!3m6!1s0x3bcb93de24eabc81:0xd8008a7d843a8e91!8m2!3d17.4457013!4d78.3804453!16s%2Fg%2F1tmbtkx0!19sChIJgbzqJN6TyzsRkY46hH2KANg?authuser=0&hl=en&rclk=1,Vedams Towers,"Plot No, Plot No 82/D & 83/D, Survey No 78, Patrika Nagar, HiTech City, Madhapur, 83D, Patrika Nagar, Hyderabad, Telangana 500081",http://www.vedams.com/,4023114734,Software company,Open,Closes 6 pm,4.4,Not Found,No,17.4457013,78.3804453,http://www.vedams.com/careers,http://www.vedams.com/,Error,Error
https://www.google.com/maps/place/Infiray+Software+Private+Limited/data=!4m7!3m6!1s0x3bcb932626dab427:0xd4638e430e66b7f6!8m2!3d17.4628425!4d78.3771012!16s%2Fg%2F11scvvdr3k!19sChIJJ7TaJiaTyzsR9rdmDkOOY9Q?authuser=0&hl=en&rclk=1,Infiray Software Private Limited,"4th & 5th Floor, Bizness Square, Junction, Hitech City Rd, opposite Hitex Road, Vinayaka Nagar, Madhapur, Hyderabad, Telangana 500084",https://infinaro.com/,Phone Number Not Found,Software company,Open,Closes 6 pm,4.3,15,No,17.4628425,78.3771012,https://infinaro.com/careers,https://infinaro.com/,Error,Error
https://www.google.com/maps/place/Adaptive+Software+Solutions/data=!4m7!3m6!1s0x3bcb936917dc5f21:0xe92df85897bfb839!8m2!3d17.45109!4d78.37061!16s%2Fg%2F11h3ths9w_!19sChIJIV_cF2mTyzsRObi_l1j4Lek?authuser=0&hl=en&rclk=1,Adaptive Software Solutions,"Awfis, Level 6, N-Heights, Phase 2, HITEC City, Hyderabad, Telangana 500081",https://adaptivesoftware.in/,4066588363,Software company,Open,Closes 10 pm,4.5,11,No,17.45109,78.37061,https://adaptivesoftware.in/careers,https://adaptivesoftware.in/,Error,Error
https://www.google.com/maps/place/Grepthor+Software+Solutions+Pvt+Ltd/data=!4m7!3m6!1s0x3bcb93daa6ed8c8f:0x3c0f1542a8b97c78!8m2!3d17.4579026!4d78.3720499!16s%2Fg%2F11dympwvln!19sChIJj4ztptqTyzsReHy5qEIVDzw?authuser=0&hl=en&rclk=1,Grepthor Software Solutions Pvt Ltd,"6th Floor, Omega-C Block, Divyasree Building, Hitech City Rd, Kondapur, Hyderabad, Kothaguda, Telangana 500084",Not Found,9133700555,Software company,Open,Opens 12 am,3.7,Not Found,No,17.4579026,78.3720499,Not Foundcareers,Not Found,Error,Error
https://www.google.com/maps/place/Future+Tech+IT+Global+Services+Pvt+LTD/data=!4m7!3m6!1s0x3bcb93539505ccb7:0x104e4577b174c503!8m2!3d17.456715!4d78.376143!16s%2Fg%2F11qnvkpmlm!19sChIJt8wFlVOTyzsRA8V0sXdFThA?authuser=0&hl=en&rclk=1,Future Tech IT Global Services Pvt LTD,"Workflo Bizness Square Hitex 4th floor, Bizness Square opposite Hitex, junction, Hitech City Rd, Madhapur, Telangana 500081",Not Found,Phone Number Not Found,Software company,Open,Closes 6 pm,4.4,Not Found,No,17.456715,78.376143,Not Foundcareers,Not Found,Error,Error
https://www.google.com/maps/place/Volio+Technologies+Limited/data=!4m7!3m6!1s0x3bcb916691a6fb41:0xf50e7bd528973faf!8m2!3d17.4469693!4d78.3812153!16s%2Fg%2F11f4pnm3tt!19sChIJQfumkWaRyzsRrz-XKNV7DvU?authuser=0&hl=en&rclk=1,Volio Technologies Limited,"ground floor, blossom heights, H.no: 1-90-7/B/53/P Patrika nagar, Hitech city, Madhapur, Telangana 500081",Not Found,4048506879,Software company,Open,Closes 6:30 pm,4.4,37,No,17.4469693,78.3812153,Not Foundcareers,Not Found,Error,Error
https://www.google.com/maps/place/Lyros+Technologies+Pvt+Ltd/data=!4m7!3m6!1s0x26341e52552b3c2d:0x7af9a986c692383b!8m2!3d17.4508474!4d78.3805496!16s%2Fg%2F11kqy8gv1s!19sChIJLTwrVVIeNCYROziSxoap-Xo?authuser=0&hl=en&rclk=1,Lyros Technologies Pvt Ltd,"7th Floor, Cyber Towers, Q-2, Hitech City Main Rd, Patrika Nagar, HITEC City, Hyderabad, Telangana 500081",Not Found,9133456915,Software company,Open,Closes 6:30 pm,4.4,Not Found,No,17.4508474,78.3805496,Not Foundcareers,Not Found,Error,Error
https://www.google.com/maps/place/Super+secure+Apps/data=!4m7!3m6!1s0x3bcb91ef5b5a1017:0x2bb3714533ec524b!8m2!3d17.4561234!4d78.3764333!16s%2Fg%2F11qgyh697l!19sChIJFxBaW--RyzsRS1LsM0Vxsys?authuser=0&hl=en&rclk=1,Super secure Apps,"Building, CWV 5th Floor, Business Square, 16, Hitech City Rd, Laxmi Cyber City, Whitefields, HITEC City, Hyderabad, Telangana 500081",https://supersecureapps.com/,8699699346,Software company,Open,Not Found,5,144,No,17.4561234,78.3764333,https://supersecureapps.com/careers,https://supersecureapps.com/,Error,Error
https://www.google.com/maps/place/Naidu+Software+Technologies+Private+Limited/data=!4m7!3m6!1s0x3bcba1ce876e07a5:0xc11521ece3c90475!8m2!3d17.4344456!4d78.374599!16s%2Fg%2F11sh69mgr1!19sChIJpQduh86hyzsRdQTJ4-whFcE?authuser=0&hl=en&rclk=1,Naidu Software Technologies Private Limited,"C9MF+QRH, Hitech City Main Rd, Diamond Hills, Lumbini Avenue, HITEC City, Hyderabad, Telangana 500032",http://paymamaapp.in/,4029563154,Software company,Not Found,Not Found,4.4,7,No,17.4344456,78.374599,http://paymamaapp.in/careers,http://paymamaapp.in/,Error,Error
https://www.google.com/maps/place/Acuvate+Software+Pvt+Ltd/data=!4m7!3m6!1s0x3bcb916302a87ad3:0x3f5e20047ee0de5!8m2!3d17.4546253!4d78.3867557!16s%2Fg%2F124yl1cgk!19sChIJ03qoAmORyzsR5Q3uRwDi9QM?authuser=0&hl=en&rclk=1,Acuvate Software Pvt Ltd,"1st & 2nd Floor, MJR Arcade, Khanamet, Gurukul Society, Landmark: Near Meridian School, Madhapur, Hyderabad, Telangana 500081",http://www.acuvate.com/,4067333777,Software company,Open,Closes 7 pm,4.2,Not Found,No,17.4546253,78.3867557,http://www.acuvate.com/careers,http://www.acuvate.com/,info@acuvate.com,https://acuvate.com/careers/
https://www.google.com/maps/place/Ahex+Technologies+-+Mobile+App+Development+Company+in+Hyderabad/data=!4m7!3m6!1s0x3bcb900ed933ff81:0xb79715aed0874331!8m2!3d17.4350719!4d78.3661153!16s%2Fg%2F1hjgx59ns!19sChIJgf8z2Q6QyzsRMUOH0K4Vl7c?authuser=0&hl=en&rclk=1,Ahex Technologies - Mobile App Development Company in Hyderabad,"Unit 301 & 302 , Third Floor, Magna Park View Towers, Urdu University Rd, Sri Shyam Nagar, Telecom Nagar Extension, Gachibowli, Hyderabad, Telangana 500032",https://ahex.co/,8885564224,Software company,Open,Closes 8 pm,4.2,118,No,17.4350719,78.3661153,https://ahex.co/careers,https://ahex.co/,sales@ahex.co.in,https://ahex.co/careers/
https://www.google.com/maps/place/ALTOKK+Software+Solutions+Private+Limited/data=!4m7!3m6!1s0x3bcb937e6028ce35:0x6f57965c36746961!8m2!3d17.4314847!4d78.3821171!16s%2Fg%2F11hz6tnq1x!19sChIJNc4oYH6TyzsRYWl0NlyWV28?authuser=0&hl=en&rclk=1,ALTOKK Software Solutions Private Limited,"3rd floor, Gowra Palladium, Silpa Gram Craft Village, HITEC City, Hyderabad, Telangana 500032",http://www.altokk.com/,7207789877,Software company,Open,Closes 7 pm,4.9,Not Found,No,17.4314847,78.3821171,http://www.altokk.com/careers,http://www.altokk.com/,admin@altokk.com,https://altokk.com/career-counseling/
https://www.google.com/maps/place/Anchovies+IT+Solutions+Private+Limited/data=!4m7!3m6!1s0x3bcb9165d75aaaab:0xc6ab553a044d76bf!8m2!3d17.4520144!4d78.3934213!16s%2Fg%2F11jv6ccymk!19sChIJq6pa12WRyzsRv3ZNBDpVq8Y?authuser=0&hl=en&rclk=1,Anchovies IT Solutions Private Limited,"Block C - 4th Floor, 100 Feet Rd, Chanda Naik Nagar, Madhapur, Hyderabad, Telangana 500081",http://anchovies.in/,4048586350,Software company,Open,Closes 7 pm,5,4,No,17.4520144,76,http://anchovies.in/careers,http://anchovies.in/,support@anchovies.in,https://anchovies.in/careers.html
https://www.google.com/maps/place/Ascus+Tech+Private+Limited/data=!4m7!3m6!1s0x3bcb915511adabeb:0x2949197266c1a460!8m2!3d17.4438418!4d78.3846213!16s%2Fg%2F11rvdbz_22!19sChIJ66utEVWRyzsRYKTBZnIZSSk?authuser=0&hl=en&rclk=1,Ascus Tech Private Limited,"Plot no 36&37 Hunters Quest 5th Floor, Vittal Rao Nagar, Madhapur, HITEC City, Hyderabad, Telangana 500081",https://ascustech.in/,9032476555,Software company,Open,Closes 5 pm,4.9,58,No,17.4438418,78.3846213,https://ascustech.in/careers,https://ascustech.in/,info@ascustech.in,https://ascustech.in/careers/
https://www.google.com/maps/place/BizAcuity+Solutions+Pvt.+Ltd./data=!4m7!3m6!1s0x3bcb915ff39fbe7b:0xd968b15aa25b8e6c!8m2!3d17.441189!4d78.383816!16s%2Fg%2F1260f56c0!19sChIJe76f81-RyzsRbI5bolqxaNk?authuser=0&hl=en&rclk=1,BizAcuity Solutions Pvt. Ltd.,"Hitech Pearl, Vittal Rao Nagar, HITEC City, Hyderabad, Telangana 500081",http://www.bizacuity.com/,4043111808,Software company,Open,Closes 7 pm,4.8,Not Found,No,17.441189,78.383816,http://www.bizacuity.com/careers,http://www.bizacuity.com/,"GAMWIT-Logo@2x.png, GAMWIT-Logo@2x-300x60.png",https://bizacuity.com/careers/
https://www.google.com/maps/place/Byteridge+Software+Private+Limited/data=!4m7!3m6!1s0x3bcb93de76d0cb49:0xce3823ec0adfbc2c!8m2!3d17.4231591!4d78.3390254!16s%2Fg%2F1tf4ch4w!19sChIJScvQdt6TyzsRLLzfCuwjOM4?authuser=0&hl=en&rclk=1,Byteridge Software Private Limited,"WeWork Rajapushpa Summit, Financial District, Hyderabad, Telangana 500032",http://byteridge.com/,4067453961,Software company,Open,Closes 6 pm,4.5,Not Found,No,17.4231591,78.3390254,http://byteridge.com/careers,http://byteridge.com/,info@byteridge.com,https://byteridge.com/careers/
https://www.google.com/maps/place/BSIT+Software+Services+Pvt.+Ltd.-+Leading+Software+Development+Company./data=!4m7!3m6!1s0x3bcb85278dd5aea1:0xe9ba8a3643c8e536!8m2!3d17.4367149!4d78.3671066!16s%2Fg%2F11c30whxf3!19sChIJoa7VjSeFyzsRNuXIQzaKuuk?authuser=0&hl=en&rclk=1,BSIT Software Services Pvt. Ltd.- Leading Software Development Company.,"2nd Floor, 2-48/5/6, Gachibowli Rd, Opp. RTTC, Telecom Nagar Extension, Gachibowli, Hyderabad, Telangana 500032",http://www.bsitsoftware.com/,9985222841,Software company,Open,Closes 7 pm,4.8,Not Found,No,17.4367149,78.3671066,http://www.bsitsoftware.com/careers,http://www.bsitsoftware.com/,"info@bsitsoftware.com, hr@bsitsoftware.com",https://careers.bsitsoftware.com/
https://www.google.com/maps/place/Gspann/data=!4m7!3m6!1s0x3bcb93e02bd27d85:0x218285906330bcbc!8m2!3d17.4512468!4d78.3708356!16s%2Fg%2F1ygbbbg1t!19sChIJhX3SK-CTyzsRvLwwY5CFgiE?authuser=0&hl=en&rclk=1,Gspann,"Level-2, Serlingampally Mandal, N-Heights, Plot no:38, Hitech City Main Rd, Phase 2, Siddiq Nagar, Madhapur, Hyderabad, Telangana 500081",https://www.gspann.com/,4064551388,Software company,Not Found,Not Found,4,Not Found,No,17.4512468,78.3708356,https://www.gspann.com/careers,https://www.gspann.com/,"rahul.yadav@gspann.com, deepanshu.dwivedi@gspann.com, saurabh.madan@gspann.com, insidesales_research@gspann.com, anjani.singh@gspann.com, deepak.kumar02@gspann.com, raghu.madhok@gspann.com, sai.beeram@gspann.com, ngrover@gspann.com, anurag.gupta@gspann.com, rama.aluri@gspann.com, aarti.dhiman@gspann.com, ap@gspann.com, satish.kumar@gspann.com, puja.sethi@gspann.com, praveen.chandra@gspann.com, ashish.ranjan@gspann.com, mmalik@gspann.com, sumit.kapoor@gspann.com, anurag.bhalla@gspann.com, rolf.kraus@gspann.com, shivani.singh@gspann.com",https://careers.gspann.com/
https://www.google.com/maps/place/ZAZZ+IT+SOLUTIONS+PRIVATE+LIMITED/data=!4m7!3m6!1s0x6a93c1e56af07fe7:0x76bd1448a311290c!8m2!3d17.4511962!4d78.3860633!16s%2Fg%2F11tfz5lcq9!19sChIJ53_wauXBk2oRDCkRo0gUvXY?authuser=0&hl=en&rclk=1,ZAZZ IT SOLUTIONS PRIVATE LIMITED,"4th Floor ""SILICON PARK"" Plot Nos. 23 24, VIP Hills, Silicon Valley, Madhapur, Hyderabad, Telangana 500081",http://www.zazz.io/,8555063751,Software company,Open,Closes 11 pm,4.4,Not Found,No,17.4511962,78.3860633,http://www.zazz.io/careers,http://www.zazz.io/,"info@zazz.io, flags@2x.webp, globe@2x.webp",https://careers.zazz.io/careers
https://www.google.com/maps/place/Code+Connex+Pvt.Ltd+-+Best+Software+Company+in+Hyderabad+%7C+Digital+Marketing+%7C+Web+Design+%26+Development+%7C+App+Development/data=!4m7!3m6!1s0x3bcb918b8329738f:0xfbf7bd3bf9e6e099!8m2!3d17.4350261!4d78.3660901!16s%2Fg%2F11rfll93v_!19sChIJj3Mpg4uRyzsRmeDm-Tu99_s?authuser=0&hl=en&rclk=1,Code Connex Pvt.Ltd - Best Software Company in Hyderabad | Digital Marketing | Web Design & Development | App Development,"403, 4th Floor, Magna Parkview, Sri Shyam Nagar, Telecom Nagar, Gachibowli, Hyderabad, Telangana 500032",https://codeconnex.com/,9391082707,Software company,Open,Closes 7 pm,4.1,48,No,17.4350261,78.3660901,https://codeconnex.com/careers,https://codeconnex.com/,hello@codeconnex.com,https://codeconnex.com/careers
https://www.google.com/maps/place/Codetek+Software+Solutions+Pvt+Ltd./data=!4m7!3m6!1s0x4005fcfe72790c6f:0x29335f0bf68bcc5!8m2!3d17.4525381!4d78.3897428!16s%2Fg%2F11vxx4_s3y!19sChIJbwx5cv78BUARxbxov_A1kwI?authuser=0&hl=en&rclk=1,Codetek Software Solutions Pvt Ltd.,"North East Avenue 470&471,4th floor Road no.26A, 100 Feet Rd, Ayyappa Society, Madhapur, Hyderabad, Telangana 500081",https://codeteksoft.com/,8374899827,Software company,Open,Closes 6:30 pm,5,Not Found,No,17.4525381,78.3897428,https://codeteksoft.com/careers,https://codeteksoft.com/,hr@codeteksoft.com,https://codeteksoft.com/careers.html
https://www.google.com/maps/place/CogniX+Software+Solutions/data=!4m7!3m6!1s0x3bcb9148094b1035:0x2919d6ac5a3b9ea8!8m2!3d17.4511815!4d78.3874725!16s%2Fg%2F11rv1xk07r!19sChIJNRBLCUiRyzsRqJ47WqzWGSk?authuser=0&hl=en&rclk=1,CogniX Software Solutions,"4th Floor, Towers, Jai Hind Gandhi Rd, near Biryani Times, Cyber Hills Colony, VIP Hills, Jaihind Enclave, Madhapur, Hyderabad, Telangana 500081",https://www.cognixsoft.com/,Phone Number Not Found,Software company,Open,Closes 7 pm,5,Not Found,No,17.4511815,78.3874725,https://www.cognixsoft.com/careers,https://www.cognixsoft.com/,info@cognixsoft.com,https://cognixsoft.com/careers/
"https://www.google.com/maps/place/Conquerors+Software+Technologies+%7C+Custom+Web+%26+Mobile+App+Developers+%7C+15%2B+Years+in+LMS,+Flutter,+React+Native+%26+AI+Agents/data=!4m7!3m6!1s0x3bcb916222a8e5ad:0x585709f7625d8ba4!8m2!3d17.4516586!4d78.3855077!16s%2Fg%2F1trrbn9v!19sChIJreWoImKRyzsRpItdYvcJV1g?authuser=0&hl=en&rclk=1","Conquerors Software Technologies | Custom Web & Mobile App Developers | 15+ Years in LMS, Flutter, React Native & AI Agents","16, 3rd floor, Triveni building, Plot No, Silicon Valley, Madhapur, Hyderabad, Telangana 500081",https://conquerorstech.net/,7013196804,Software company,Open,Closes 7 pm,4.9,156,No,17.4516586,78.3855077,https://conquerorstech.net/careers,https://conquerorstech.net/,"info@conquerorstech.net, info@conquerorstech.net, hr@conquerorstech.net, Kivyo-Logo@1000x-3.png",https://conquerorstech.net/careers/
https://www.google.com/maps/place/Coserve+Software+Solutions+Pvt.+Ltd./data=!4m7!3m6!1s0x3bcb93df0b1f7cc1:0x117d3256fc5b9d09!8m2!3d17.4479216!4d78.377201!16s%2Fg%2F11gfjb6f7l!19sChIJwXwfC9-TyzsRCZ1b_FYyfRE?authuser=0&hl=en&rclk=1,Coserve Software Solutions Pvt. Ltd.,"Sarvotham, Plot No. 12, Deloitte Dr, Phase 2, HITEC City, Hyderabad, Telangana 500081",https://www.coservesolutions.com/,4040072501,Software company,Open,Closes 6:30 pm,4.7,Not Found,No,17.4479216,78.377201,https://www.coservesolutions.com/careers,https://www.coservesolutions.com/,info@coservesolution.com,https://coservesolutions.com/careers/
https://www.google.com/maps/place/ENDUSER+SOFTWARE+IT+CONSULTING+PVT+LTD/data=!4m7!3m6!1s0x3bcb912ce582ec03:0xcd5a2d40d131dc40!8m2!3d17.4524894!4d78.3901438!16s%2Fg%2F11ft0ryz2w!19sChIJA-yC5SyRyzsRQNwx0UAtWs0?authuser=0&hl=en&rclk=1,ENDUSER SOFTWARE IT CONSULTING PVT LTD,"467, Ayyappa Society, Chanda Naik Nagar, Madhapur, Hyderabad, Telangana 500081",http://end-usersoftware.com/,9701549270,Software company,Open,Closes 6 pm,5,Not Found,No,17.4524894,78.3901438,http://end-usersoftware.com/careers,http://end-usersoftware.com/,None,https://end-usersoftware.com/#
https://www.google.com/maps/place/Gleecus+TechLabs/data=!4m7!3m6!1s0x3bcb914377c6556b:0x1061c0298c2f5c8f!8m2!3d17.4403619!4d78.3840213!16s%2Fg%2F11bw1yh6jc!19sChIJa1XGd0ORyzsRj1wvjCnAYRA?authuser=0&hl=en&rclk=1,Gleecus TechLabs,"First floor, S Square Plot No. 63, Shilpi Valley, Gafoor Nagar Madhapur, HITEC City, Hyderabad, Telangana 500081",https://www.gleecus.com/,13479014845,Software company,Open,Closes 8:30 pm,3.9,15,No,17.4403619,78.3840213,https://www.gleecus.com/careers,https://www.gleecus.com/,hello@gleecus.com,https://gleecus.com/careers/
https://www.google.com/maps/place/Hexagon+Capability+Center+India+Private+Limited/data=!4m7!3m6!1s0x3bcb9a09dd0042db:0x3594090871180083!8m2!3d17.4436092!4d78.3746991!16s%2Fg%2F11b77njg1v!19sChIJ20IA3QmayzsRgwAYcQgJlDU?authuser=0&hl=en&rclk=1,Hexagon Capability Center India Private Limited,"Ground, 9, 10 and 11 floors, DivyaSree Trinity Campus, Plot No. 5, HITEC City, Madhapur, Telangana 500081",http://www.hexagon-cci.com/ContactUs.htm,4071035000,Software company,Open,Closes 6 pm,4.5,Not Found,No,17.4436092,78.3746991,http://www.hexagon-cci.com/ContactUs.htmcareers,http://www.hexagon-cci.com/ContactUs.htm,None,https://hexagon.com/company/careers/capability-centre-india#content
https://www.google.com/maps/place/Innvectra+Info+Solutions+Pvt.+Ltd./data=!4m7!3m6!1s0x3bcb91667f7f7db1:0x903e2622e75686a0!8m2!3d17.4516056!4d78.3928047!16s%2Fg%2F1tvw3d0k!19sChIJsX1_f2aRyzsRoIZW5yImPpA?authuser=0&hl=en&rclk=1,Innvectra Info Solutions Pvt. Ltd.,"Plot No. 815, 3rd Floor, Ayyappa Society, Mega Hills, Madhapur, Hyderabad, Telangana 500081",https://innvectra.com/,4040248730,Software company,Open,Closes 7 pm,4.5,27,No,17.4516056,78.3928047,https://innvectra.com/careers,https://innvectra.com/,info@innvectra.com,https://innvectra.com/careers
https://www.google.com/maps/place/JK+Tech+Hyderabad/data=!4m7!3m6!1s0x3bcb91b221252955:0x148509ad373957f9!8m2!3d17.4470968!4d78.3880627!16s%2Fg%2F11fj5s85t7!19sChIJVSklIbKRyzsR-Vc5N60JhRQ?authuser=0&hl=en&rclk=1,JK Tech Hyderabad,"4th Floor, Plot, Dwarka Central, 57, Hitech City Rd, VIP Hills, Jaihind Enclave, Madhapur, Hyderabad, Telangana 500081",https://jktech.com/,4067606200,Software company,Open,Closes 6 pm,4.2,Not Found,No,17.4470968,78.3880627,https://jktech.com/careers,https://jktech.com/,marketing@jktech.com,https://jktech.com/#
https://www.google.com/maps/place/MAQ+Software/data=!4m7!3m6!1s0x3bcb98122fffffff:0xc1b609b5e017cbdf!8m2!3d17.4464667!4d78.3689087!16s%2Fg%2F1tcvxwfg!19sChIJ____LxKYyzsR38sX4LUJtsE?authuser=0&hl=en&rclk=1,MAQ Software,"Phoenix Hitech City -2, Bamboos, Phase 2, Gachibowli, Hyderabad, Telangana 500081",https://maqsoftware.com/,4040100570,Software company,Open,Not Found,3.8,Not Found,No,17.4464667,78.3689087,https://maqsoftware.com/careers,https://maqsoftware.com/,CustomerSuccess@MAQSoftware.com,https://maqsoftware.com/careers
https://www.google.com/maps/place/MBR+Informatics+Pvt+Ltd/data=!4m7!3m6!1s0x3bcb91638b1458e1:0x872cd53869cbcd42!8m2!3d17.4534548!4d78.3943669!16s%2Fg%2F1yg4tshg4!19sChIJ4VgUi2ORyzsRQs3LaTjVLIc?authuser=0&hl=en&rclk=1,MBR Informatics Pvt Ltd,"3rd Floor, Plot No. 658, Ayyappa Society, Madhapur, Telangana 500081",https://mbrinformatics.com/,8019255777,Software company,Open,Closes 8 pm,3.8,99,No,17.4534548,78.3943669,https://mbrinformatics.com/careers,https://mbrinformatics.com/,None,https://mbrinformatics.com/career.php
"https://www.google.com/maps/place/Mirafra+Software+Technologies+Private+Limited,+Hyderabad/data=!4m7!3m6!1s0x3bcb973749333ce7:0xa146b422afe2b028!8m2!3d17.4554087!4d78.3759358!16s%2Fg%2F11g69g5vg_!19sChIJ5zwzSTeXyzsRKLDiryK0RqE?authuser=0&hl=en&rclk=1","Mirafra Software Technologies Private Limited, Hyderabad","75-B, Jubilee Enclave Rd, Jubilee Enclave, Madhapur, Hyderabad, Telangana 500081",https://mirafra.com/,Phone Number Not Found,Software company,Open,Closes 7 pm,4.1,Not Found,No,17.4554087,78.3759358,https://mirafra.com/careers,https://mirafra.com/,"swecareer@mirafra.com, dac@mirafra.com, resumes@mirafra.com",https://mirafra.com/career/
https://www.google.com/maps/place/MIRAKI+TECHNOLOGIES/data=!4m7!3m6!1s0x3bcb93a2f61ee6b7:0x3af60b1c62d5030a!8m2!3d17.4405652!4d78.3840862!16s%2Fg%2F11cmm_3z57!19sChIJt-Ye9qKTyzsRCgPVYhwL9jo?authuser=0&hl=en&rclk=1,MIRAKI TECHNOLOGIES,"2nd Floor, VSSR Square, Vittal Rao Nagar, HITEC City, Hyderabad, Telangana 500081",https://mirakitech.com/,9154904675,Software company,Open,Closes 7 pm,4.5,Not Found,No,17.4405652,78.3840862,https://mirakitech.com/careers,https://mirakitech.com/,growbusiness@mirakitech.com,https://mirakitech.com/en-in#
https://www.google.com/maps/place/Verizon+India/data=!4m7!3m6!1s0x3bcb93e10d256b33:0x3ccc6f841f2729a5!8m2!3d17.4445364!4d78.3804499!16s%2Fg%2F1tfs990v!19sChIJM2slDeGTyzsRpSknH4RvzDw?authuser=0&hl=en&rclk=1,Verizon India,"10, Mindspace Rd, HUDA Techno Enclave, HITEC City, Hyderabad, Telangana 500081",http://www.verizon.com/,4044005000,Software company,Open,Closes 10 pm,4.5,425,No,17.4445364,78.3804499,http://www.verizon.com/careers,http://www.verizon.com/,None,https://mycareer.verizon.com/
https://www.google.com/maps/place/NthPhase+Software+Solutions+Pvt+Ltd./data=!4m7!3m6!1s0x3bcb9165df228df1:0xf22eee9ca24c9122!8m2!3d17.451915!4d78.3939081!16s%2Fg%2F11f1r9xwjc!19sChIJ8Y0i32WRyzsRIpFMopzuLvI?authuser=0&hl=en&rclk=1,,,https://nthphase.com/,4035872822,Not Found,Open,Closes 7 pm,4.9,Not Found,No,17.451915,78.3939081,https://nthphase.com/careers,https://nthphase.com/,None,https://nthphase.com/about-careers/
https://www.google.com/maps/place/OTSI/data=!4m7!3m6!1s0x3bcb93c2c48cf03b:0x81abeab4c1340077!8m2!3d17.4468529!4d78.3720906!16s%2Fg%2F11h0w_3rj!19sChIJO_CMxMKTyzsRdwA0wbTqq4E?authuser=0&hl=en&rclk=1,OTSI,"Infocity SEZ, SEZ, Hitech City - 2, Cyber Gateways Phoenix Campus, Building No H2, 2nd Floor Phoenix, Hyderabad, Telangana 500081",http://www.otsi-global.com/,9133459080,Software company,Open,Not Found,4.1,288,No,17.4468529,78.3720906,http://www.otsi-global.com/careers,http://www.otsi-global.com/,None,https://otsi-global.zohorecruit.com/jobs/Careers
https://www.google.com/maps/place/Quisitive/data=!4m7!3m6!1s0x3bcb93e2f73dcabd:0xeb861e201d20cc85!8m2!3d17.4536818!4d78.3705559!16s%2Fg%2F11g8_4gmvv!19sChIJvco99-KTyzsRhcwgHSAehus?authuser=0&hl=en&rclk=1,Quisitive,"4th Floor, ‘B’ Wing, Purva Summit, White Field Rd, Kondapur, Whitefields, HITEC City, Hyderabad, Telangana 500084",http://www.quisitive.com/,9866170004,Software company,Open,Closes 5:30 pm,4.5,41,No,17.4536818,78.3705559,http://www.quisitive.com/careers,http://www.quisitive.com/,"william.girotti@quisitive.com, Microsoft-365@2x.png, Microsoft-365@2x-1.png, ask@quisitive.com",https://quisitive.com/careers/
https://www.google.com/maps/place/Rational+Knowledge+Services+Private+Limited+%28Operational%29/data=!4m7!3m6!1s0x3bcb91270b88e935:0x819e8e168d139cd9!8m2!3d17.4520144!4d78.3934213!16s%2Fg%2F11j1dl56s8!19sChIJNemICyeRyzsR2ZwTjRaOnoE?authuser=0&hl=en&rclk=1,Rational Knowledge Services Private Limited (Operational),"532, 100 Feet Rd, Chanda Naik Nagar, Madhapur, Hyderabad, Telangana 500081",https://rationalknowledgeservices.com/,9959195396,Software company,Open,Closes 9 pm,4.9,Not Found,No,17.4520144,78.3934213,https://rationalknowledgeservices.com/careers,https://rationalknowledgeservices.com/,"info@rationalknowledgeservices.com, work@rationalknowledgeservices.com",https://rationalknowledgeservices.com/#work
https://www.google.com/maps/place/Pramati+Software+Private+Limited/data=!4m7!3m6!1s0x3bcb937e21d9c7cb:0xdd1400563165624b!8m2!3d17.4374894!4d78.380659!16s%2Fg%2F11r3vjkxn1!19sChIJy8fZIX6TyzsRS2JlMVYAFN0?authuser=0&hl=en&rclk=1,Pramati Software Private Limited,"N Heights, 5th floor, Software Units Layout, HITEC City, Hyderabad, Telangana 500081",https://www.pramati.com/,Phone Number Not Found,Software company,Open,Closes 6:30 pm,4.9,Not Found,No,17.4374894,78.380659,https://www.pramati.com/careers,https://www.pramati.com/,None,https://recruitcareers.zappyhire.com/pramati
https://www.google.com/maps/place/RWAVE+Software+Technologies+Private+Limited/data=!4m7!3m6!1s0x3bcb93606ca441bf:0x508834b800b37fe9!8m2!3d17.4413838!4d78.3782894!16s%2Fg%2F11vyw0lp1s!19sChIJv0GkbGCTyzsR6X-zALg0iFA?authuser=0&hl=en&rclk=1,RWAVE Software Technologies Private Limited,"Raheja Mindspace, 3rd floor, IHub, Phase 2 Madhapur, Near:, IT Park, HITEC City, Hyderabad, Telangana 500081",https://rwavesoftech.com/,9703897232,Software company,Open,Not Found,5,Not Found,No,17.4413838,78.3782894,https://rwavesoftech.com/careers,https://rwavesoftech.com/,"info@rwavesoftech.com, Artboard-23@2x.png",https://rwavesoftech.com/home-2-2-2-2/
https://www.google.com/maps/place/Sciens+Software+Technologies+LLP/data=!4m7!3m6!1s0x3bcb9161ab2c7a73:0x8cae57d2d9de21b2!8m2!3d17.4470871!4d78.3881004!16s%2Fg%2F11b6_cx4g4!19sChIJc3osq2GRyzsRsiHe2dJXrow?authuser=0&hl=en&rclk=1,Sciens Software Technologies LLP,"4th Floor, Plot no. 57, Dwaraka Central Building, Hitech City Rd, VIP Hills, Jaihind Enclave, Madhapur, Hyderabad, Telangana 500081",http://scienstechnologies.com/,9248487979,Software company,Open,Closes 7 pm,4.4,Not Found,No,17.4470871,78.3881004,http://scienstechnologies.com/careers,http://scienstechnologies.com/,support@scienstechnologies.com,https://scienstechnologies.com/careers/
https://www.google.com/maps/place/Megasoft+Limited/data=!4m7!3m6!1s0x3bcb93ddbefc634b:0x2fa79e3ca4b3fb5f!8m2!3d17.4469388!4d78.3862123!16s%2Fg%2F11cm4gv7q7!19sChIJS2P8vt2TyzsRX_uzpDyepy8?authuser=0&hl=en&rclk=1,Megasoft Limited,"Plat no. 25, Corporate office , 8th floor,Unit no 801B, Jain Sadguru Images, 98/4/1 to 13, Capital Pk Rd, Madhapur, Hyderabad, Telangana 500081",http://www.megasoft.com/,4040330000,Software company,Open,Closes 6 pm,4.2,55,No,17.4469388,78.3862123,http://www.megasoft.com/careers,http://www.megasoft.com/,sigma@sigmaadvsys.com,https://sigmaadvsys.com/careers/
https://www.google.com/maps/place/SOWEDANE+IT+SOLUTIONS+PVT+LTD/data=!4m7!3m6!1s0x3bcb93e0afbd43e7:0x5179e6e1916e5c6!8m2!3d17.4442358!4d78.3793938!16s%2Fg%2F11b5phpf3r!19sChIJ50O9r-CTyzsRxuUWGW6eFwU?authuser=0&hl=en&rclk=1,SOWEDANE IT SOLUTIONS PVT LTD,"HSBC EDP INDIA PVT LTD, Level One 2B Maximus Towers Mind Space Complex, Mindspace, Vittal Rao Nagar, HITEC City, Hyderabad, Telangana 500081",http://www.sowedane.com/,Phone Number Not Found,Software company,Open,Closes 3 am,4.3,Not Found,No,17.4442358,78.3793938,http://www.sowedane.com/careers,http://www.sowedane.com/,None,https://sowedane.com/careers/
https://www.google.com/maps/place/Sunseaz+Technologies/data=!4m7!3m6!1s0x3bcb9962cf100025:0x3be7318a7ecb9da9!8m2!3d17.448788!4d78.3871774!16s%2Fg%2F11fzf5gwpc!19sChIJJQAQz2KZyzsRqZ3Lfoox5zs?authuser=0&hl=en&rclk=1,Sunseaz Technologies,"30,Survey No,72,73, NK Towers, Flat No 101,Plot No, near Capital Park Road, Madhapur, Hyderabad, Telangana 500081",http://sunseaz.com/,Phone Number Not Found,Software company,Open,Closes 7 pm,4.7,132,No,17.448788,78.3871774,http://sunseaz.com/careers,http://sunseaz.com/,info@sunseaz.com,https://sunseaz.com/career.php
https://www.google.com/maps/place/Techally+Labs+-+IT+%26+Software+Development+Company/data=!4m7!3m6!1s0x3bcb914a05d63199:0x31cb9b1507416bc9!8m2!3d17.4551827!4d78.3940812!16s%2Fg%2F11mq2hdxxh!19sChIJmTHWBUqRyzsRyWtBBxWbyzE?authuser=0&hl=en&rclk=1,Techally Labs - IT & Software Development Company,"Ground Floor, Sai Sadan, Survey Of India Ayyappa Society, Survey of India Colony, Chanda Naik Nagar, Madhapur, Hyderabad, Telangana 500081",https://techallylabs.com/,9985202223,Software company,Open,Closes 7 pm,4.2,Not Found,No,17.4551827,78.3940812,https://techallylabs.com/careers,https://techallylabs.com/,"nico_ico@mail.com, nico@mail.com, info@techallylabs.com",https://techallylabs.com/careers/
https://www.google.com/maps/place/Techbion+Software+Systems+Pvt+Ltd/data=!4m7!3m6!1s0x3bcb93e099f25143:0x138f804fc02d39fd!8m2!3d17.4445396!4d78.380264!16s%2Fg%2F11bw5xl992!19sChIJQ1HymeCTyzsR_TktwE-AjxM?authuser=0&hl=en&rclk=1,Techbion Software Systems Pvt Ltd,"Level 7, Building No 2A, Maximus Towers, Sy No 64, Raheja Mindspace IT Park, Hitech City, Madhapur, Hyderabad, Telangana 500081",https://techbion.com/,Phone Number Not Found,Software company,Open,Closes 8 pm,4.3,13,No,17.4445396,78.380264,https://techbion.com/careers,https://techbion.com/,contactus@techbion.com,https://techbion.com/careers
https://www.google.com/maps/place/Sree+Tammina+Software+Solutions+Pvt+Ltd/data=!4m7!3m6!1s0x3bcb91a7278343ff:0x9f3d4e5f61c5a2b0!8m2!3d17.4586783!4d78.3856859!16s%2Fg%2F11fsq5rfq3!19sChIJ_0ODJ6eRyzsRsKLFYV9OPZ8?authuser=0&hl=en&rclk=1,Sree Tammina Software Solutions Pvt Ltd,"2nd Floor, C - Block, Win Win Towers, JNTU, Hitech City Main Rd, beside Indian Oil Petrol Bunk, Khanammet, Telangana 500081",http://www.techtammina.com/,8912555200,Software company,Open,Closes 6 pm,4.2,Not Found,No,4,78.3856859,http://www.techtammina.com/careers,http://www.techtammina.com/,info@tammina.com,https://techtammina.com/careers/
https://www.google.com/maps/place/Techweblabs+-+Mobile+App+Development+Company/data=!4m7!3m6!1s0x3bcb94454480bb8d:0x6c5f7402554156fb!8m2!3d17.440528!4d78.3675958!16s%2Fg%2F11f15l9t4m!19sChIJjbuAREWUyzsR-1ZBVQJ0X2w?authuser=0&hl=en&rclk=1,Techweblabs - Mobile App Development Company,"4th Floor, BluePrint 23 Nordwest, P Janardhan Reddy Nagar, Gachibowli, Hyderabad, Telangana 500032",https://techweblabs.com/,7670837961,Software company,Open,Closes 9 pm,4.5,Not Found,No,17.440528,78.3675958,https://techweblabs.com/careers,https://techweblabs.com/,"info@techweblabs.com, somewebmedia@gmail.com",https://techweblabs.com/careers
https://www.google.com/maps/place/Trilok+Software+Solutions+Pvt+Ltd/data=!4m7!3m6!1s0x3bcb916bcd0f829d:0x3d2bfa909c9d49b0!8m2!3d17.4512081!4d78.3932569!16s%2Fg%2F11jt1_5whj!19sChIJnYIPzWuRyzsRsEmdnJD6Kz0?authuser=0&hl=en&rclk=1,Trilok Software Solutions Pvt Ltd,"Flat 5B, 5th, Plot No: 847, Rd Number 45, Ayyappa Society, Mega Hills, Madhapur, Hyderabad, Telangana 500081",http://www.triloksoft.com/,Phone Number Not Found,Software company,Open,Opens 7:30 pm,5,Not Found,No,2,78.3932569,http://www.triloksoft.com/careers,http://www.triloksoft.com/,info@triloksoft.com,https://triloksoft.com/careers/
https://www.google.com/maps/place/Techoya+Software+Technologies+Pvt+Ltd/data=!4m7!3m6!1s0x3bcb911681769bfb:0x9d6af001940e1eb9!8m2!3d17.443126!4d78.3967468!16s%2Fg%2F11h0z0c99q!19sChIJ-5t2gRaRyzsRuR4OlAHwap0?authuser=0&hl=en&rclk=1,Techoya Software Technologies Pvt Ltd,"Flat #402, PM &BS Square Building, Plot No. 469, Ravindra Scociety, Kakatiya Hills, Kavuri Hills Phase 3, Kavuri Hills, Madhapur, Hyderabad, Telangana 500081",http://techoya.in/,4048586567,Software company,Open,Closes 6:30 pm,4.6,Not Found,No,17.443126,78.3967468,http://techoya.in/careers,http://techoya.in/,None,https://tstecnoservice.com/careers/
https://www.google.com/maps/place/Turing+Systems/data=!4m7!3m6!1s0x3bcb91d6549e69e9:0xd898175f449207a5!8m2!3d17.4520144!4d78.3934213!16s%2Fg%2F11pz1d92c3!19sChIJ6WmeVNaRyzsRpQeSRF8XmNg?authuser=0&hl=en&rclk=1,Turing Systems,"Flat No.3B, 100 Feet Rd, Chanda Naik Nagar, Madhapur, Serilingampalle (M), Hyderabad, Telangana 500081",https://turingsystems.com/,7325938353,Software company,Open,Closes 6 pm,5,1,No,17.4520144,78.3934213,https://turingsystems.com/careers,https://turingsystems.com/,info@turingsystems.com,https://turingsystems.com/contact.html
https://www.google.com/maps/place/Way2Web+IT+Services/data=!4m7!3m6!1s0x68bb9450a35222ed:0x46268b5bc5dd2164!8m2!3d17.4416759!4d78.3596741!16s%2Fg%2F11sd_vt247!19sChIJ7SJSo1CUu2gRZCHdxVuLJkY?authuser=0&hl=en&rclk=1,Way2Web IT Services,"Flat No: 204, 2nd Floor, Cyber Residency, above Indian Bank, Indira Nagar, Gachibowli, Hyderabad, Telangana 500032",https://ultrakeyit.com/,6300440316,Software company,Open,Closes 10 pm,4.8,Not Found,No,17.4416759,78.3596741,https://ultrakeyit.com/careers,https://ultrakeyit.com/,support@ultrakeyit.com,https://ultrakeyit.com/career/
https://www.google.com/maps/place/Unique+IT+Solutions/data=!4m7!3m6!1s0x3bcb916718d39ae7:0xa281b3af58e7cdf9!8m2!3d17.4504102!4d78.3810382!16s%2Fg%2F11c1mb91mg!19sChIJ55rTGGeRyzsR-c3nWK-zgaI?authuser=0&hl=en&rclk=1,Unique IT Solutions,"Quadrant 1, 5th Floor, A3 Module Cyber Towers, Hitech City, Patrika Nagar, Madhapur, Hyderabad, Telangana 500081",http://unikitsolutions.com/,4029707072,Software company,Open,Closes 9 pm,4.3,Not Found,No,17.4504102,78.3810382,http://unikitsolutions.com/careers,http://unikitsolutions.com/,info@unikitsolutions.com,https://unikitsolutions.com/careers
https://www.google.com/maps/place/US+Tech+Solutions+Private+Limited/data=!4m7!3m6!1s0x3bcb93de7abb308f:0x3008f2712fe457cd!8m2!3d17.4513156!4d78.3708875!16s%2Fg%2F1pp2x5d2f!19sChIJjzC7et6TyzsRzVfkL3HyCDA?authuser=0&hl=en&rclk=1,US Tech Solutions Private Limited,"Awfis, N-Heights, plot no 38, phase 2, Siddiq Nagar, HITEC City, Hyderabad, Telangana 500081",http://www.ustechsolutions.com/,4066309600,Corporate office,Open,Not Found,3.7,101,No,17.4513156,78.3708875,http://www.ustechsolutions.com/careers,http://www.ustechsolutions.com/,None,https://ustechsolutions.com/career-connector/
https://www.google.com/maps/place/Veesee/data=!4m7!3m6!1s0x3bcb95e7929611eb:0x7f923fbbbf2db23!8m2!3d17.429146!4d78.3741475!16s%2Fg%2F11rfbfsvs8!19sChIJ6xGWkueVyzsRI9vyu_sj-Qc?authuser=0&hl=en&rclk=1,Veesee,"2nd Floor, reliance digital, 1-214, Gachibowli Rd, near reliance trends, Lumbini Avenue, Gachibowli, Hyderabad, Telangana 500089",http://www.veeseetechnologies.com/,9581070070,Software company,Open,Not Found,4.9,Not Found,No,17.429146,78.3741475,http://www.veeseetechnologies.com/careers,http://www.veeseetechnologies.com/,"info@veesee.in, info@veeseetechnologies.com",https://veeseetechnologies.com/careers
https://www.google.com/maps/place/Vijay+Software+Solutions+Private+limited/data=!4m7!3m6!1s0x3bcb91a25f9545db:0x3f4b7df12f43cae6!8m2!3d17.4518562!4d78.3916129!16s%2Fg%2F11xrgkm3v4!19sChIJ20WVX6KRyzsR5spDL_F9Sz8?authuser=0&hl=en&rclk=1,Vijay Software Solutions Private limited,"Ayyappa Society, Mega Hills, Madhapur, Hyderabad, Telangana 500081",https://vs-solutions.in/,Phone Number Not Found,Software company,Open,Closes 6:30 pm,4.9,12,No,17.4518562,78.3916129,https://vs-solutions.in/careers,https://vs-solutions.in/,info@vs-solutions.org,https://vs-solutions.in/careers
https://www.google.com/maps/place/Accellor+Software+Pvt.+Ltd./data=!4m7!3m6!1s0x3bcb913208e013f1:0xc6a06c99af897467!8m2!3d17.4255639!4d78.4201227!16s%2Fg%2F1ty72qvb!19sChIJ8RPgCDKRyzsRZ3SJr5lsoMY?authuser=0&hl=en&rclk=1,Accellor Software Pvt. Ltd.,"Suite 701, Shangrila Plaza, Road No. 2, Banjara Hills, Hyderabad, Telangana 500034",http://www.accellor.com/,Phone Number Not Found,Software company,Open,Closes 6:30 pm,4,Not Found,No,17.4255639,78.4201227,http://www.accellor.com/careers,http://www.accellor.com/,None,https://www.accellor.com/who-we-are/careers
https://www.google.com/maps/place/Acheron+Software+Consultancy+Pvt.+Ltd./data=!4m7!3m6!1s0x3bcb91b096a167df:0x88165ae10c642527!8m2!3d17.4452931!4d78.3834311!16s%2Fg%2F11h0zfl6zb!19sChIJ32ehlrCRyzsRJyVkDOFaFog?authuser=0&hl=en&rclk=1,Acheron Software Consultancy Pvt. Ltd.,"Plot no 268/3, V.V.Plaza Huda Techno Enclave (Besides Melange Tower Hitech City, Patrika Nagar, Madhapur, Hyderabad, Telangana 500081",https://www.acheron-tech.com/,4048551939,Software company,Open,Closes 6 pm,4.4,Not Found,No,17.4452931,78.3834311,https://www.acheron-tech.com/careers,https://www.acheron-tech.com/,contact@acheron-tech.com,https://www.acheron-tech.com/careers
https://www.google.com/maps/place/Analogue+IT+Solutions-Best+Mobile+App+Development+Company+in+Hyderabad/data=!4m7!3m6!1s0x3bcb916ec5b747c3:0x30b57901255001ee!8m2!3d17.4445761!4d78.3843903!16s%2Fg%2F11j4rvsjn3!19sChIJw0e3xW6RyzsR7gFQJQF5tTA?authuser=0&hl=en&rclk=1,Analogue IT Solutions-Best Mobile App Development Company in Hyderabad,"Jaya Vijaya Plaza, 64, Vittal Rao Nagar, Hyderabad, Telangana 500081",https://analogueitsolutions.com/?utm_source=GMB&utm_medium=Organic+posts&utm_campaign=Organic+GMB+Promotions,8919088163,Software company,Open,Not Found,4.7,Not Found,No,17.4445761,78.3843903,https://analogueitsolutions.com/?utm_source=GMB&utm_medium=Organic+posts&utm_campaign=Organic+GMB+Promotionscareers,https://analogueitsolutions.com/?utm_source=GMB&utm_medium=Organic+posts&utm_campaign=Organic+GMB+Promotions,"sales@analogueitsolutions.com, info@analogueitsolutions.com",https://www.analogueitsolutions.com/careers/
https://www.google.com/maps/place/Artech+Info+Systems+Pvt.+Ltd/data=!4m7!3m6!1s0x3bcb93dd88c5555b:0x59fd2a466a582669!8m2!3d17.4503396!4d78.3810831!16s%2Fg%2F11c2kmjl22!19sChIJW1XFiN2TyzsRaSZYakYq_Vk?authuser=0&hl=en&rclk=1,Artech Info Systems Pvt. Ltd,"1st floor, Cyber Towers, Hitech City Rd, Patrika Nagar, HITEC City, Hyderabad, Telangana 500081",http://www.artechinfo.in/,4047897111,Software company,Open,Closes 6:30 pm,3,125,No,17.4503396,78.3810831,http://www.artechinfo.in/careers,http://www.artechinfo.in/,None,https://www.artech.com/careers/
https://www.google.com/maps/place/Aspirant+Soft+Solutions/data=!4m7!3m6!1s0x3bcb915f155076bb:0x863315a0b5ce859a!8m2!3d17.4422821!4d78.3833014!16s%2Fg%2F11c6dbx4_k!19sChIJu3ZQFV-RyzsRmoXOtaAVM4Y?authuser=0&hl=en&rclk=1,Aspirant Soft Solutions,"Spacion Towers, Raheja Mindspace, next to Westin Hotel, HITEC City, Hyderabad, Telangana 500081",https://www.aspirantsoftsolutions.com/,9515080818,Software company,Open,Not Found,5,28,No,17.4422821,78.3833014,https://www.aspirantsoftsolutions.com/careers,https://www.aspirantsoftsolutions.com/,info@aspirantsoftsolutions.com,https://www.aspirantsoftsolutions.com/careers
https://www.google.com/maps/place/DBK+Heights+Building/data=!4m7!3m6!1s0x3bcb916659a9f8b7:0x6fb9644a3fc503c7!8m2!3d17.4533812!4d78.3956565!16s%2Fg%2F11cn3vzm2r!19sChIJt_ipWWaRyzsRxwPFP0pkuW8?authuser=0&hl=en&rclk=1,DBK Heights Building,"F93W+973, Rd Number 48, Survey of India Colony, Chanda Naik Nagar, Madhapur, Hyderabad, Telangana 500081",http://www.b2b-comm.com/,Phone Number Not Found,Software company,Not Found,Not Found,3.7,Not Found,No,17.4533812,78.3956565,http://www.b2b-comm.com/careers,http://www.b2b-comm.com/,None,https://www.b2b-comm.com/careers.html
https://www.google.com/maps/place/NxtWave+Intensive+Training+Center:+Best+Software+Training+Institute+in+Hyderabad/data=!4m7!3m6!1s0x3bcb912a4d0d8061:0xd37596174c6f5fc2!8m2!3d17.4444959!4d78.3870048!16s%2Fg%2F11msgz9rlb!19sChIJYYANTSqRyzsRwl9vTBeWddM?authuser=0&hl=en&rclk=1,NxtWave Intensive Training Center: Best Software Training Institute in Hyderabad,"Survey No 76, Block-B, Premier Building, 3rd & 4th Floor, Sri Sai Nagar, Madhapur, Hyderabad, Telangana 500081",https://www.ccbp.in/software-training-center-in-hyderabad?utm_source=seo&utm_medium=gmb_profile&utm_campaign=seo_leadgen_intensive_offline_profile,8008919090,Software Training Institute,Open,Closes 9 pm,4.9,55,No,17.4444959,0,https://www.ccbp.in/software-training-center-in-hyderabad?utm_source=seo&utm_medium=gmb_profile&utm_campaign=seo_leadgen_intensive_offline_profilecareers,https://www.ccbp.in/software-training-center-in-hyderabad?utm_source=seo&utm_medium=gmb_profile&utm_campaign=seo_leadgen_intensive_offline_profile,support@nxtwave.tech,https://www.ccbp.in/careers?utm_source=seo&utm_medium=gmb_profile&utm_campaign=seo_leadgen_intensive_offline_profile
https://www.google.com/maps/place/Dhruvsoft+Services+Private+Limited/data=!4m7!3m6!1s0x3bcb974b606cfad9:0x86cfffa45faf666b!8m2!3d17.4504736!4d78.3811325!16s%2Fg%2F1v42d7hz!19sChIJ2fpsYEuXyzsRa2avX6T_z4Y?authuser=0&hl=en&rclk=1,Dhruvsoft Services Private Limited,"Quadrant-2, A3 Module, 10th Floor, Cyber Towers Hi-Tech City, Madhapur, Telangana 500081",https://www.dhruvsoft.com/,9030091631,Software company,Open,Closes 10 pm,4.4,Not Found,No,17.4504736,78.3811325,https://www.dhruvsoft.com/careers,https://www.dhruvsoft.com/,contact@dhruvsoft.com,https://www.dhruvsoft.com/careers/
https://www.google.com/maps/place/DLV+Software+Pvt+Ltd/data=!4m7!3m6!1s0x3bcb93e7324de031:0xb6aff41e31039d9a!8m2!3d17.4523779!4d78.3694595!16s%2Fg%2F11sh7c926z!19sChIJMeBNMueTyzsRmp0DMR70r7Y?authuser=0&hl=en&rclk=1,DLV Software Pvt Ltd,"Western Aqua, 12th, Hitech City Rd, Kondapur, Whitefields, Madhapur, Hyderabad, Telangana 500084",http://www.dlvsoftware.com/,4049541630,Software company,Open,Not Found,4.6,Not Found,No,17.4523779,78.3694595,http://www.dlvsoftware.com/careers,http://www.dlvsoftware.com/,info@dlvsoftware.com,https://www.dlvsoftware.com/career.html
https://www.google.com/maps/place/CSS+India+Center+Private+Limited+%28CSSI%29/data=!4m7!3m6!1s0x3bcb93e7bd4ce3df:0x9fb0a37db296b681!8m2!3d17.4504907!4d78.3858184!16s%2Fg%2F11hyl4jwb3!19sChIJ3-NMveeTyzsRgbaWsn2jsJ8?authuser=0&hl=en&rclk=1,CSS India Center Private Limited (CSSI),"4th floor, GNR's RV INSIGNIA, Capital Pk Rd, VIP Hills, Silicon Valley, Madhapur, Hyderabad, Telangana 500081",https://www.ecssi.com/,Phone Number Not Found,Software company,Open,Closes 10 pm,4.4,Not Found,No,17.4504907,78.3858184,https://www.ecssi.com/careers,https://www.ecssi.com/,"marketing@solutionsoftware.com, careers@solutionsoftware.com, carees@solutionsoftware.com, marketing@ecssi.com",https://www.ecssi.com/careers/
https://www.google.com/maps/place/GiggleZen+Technologies+Pvt+Ltd/data=!4m7!3m6!1s0x3bcb91d5b461e16f:0x45ec1321477a90f4!8m2!3d17.4521337!4d78.3926176!16s%2Fg%2F11y01_vrzf!19sChIJb-FhtNWRyzsR9JB6RyET7EU?authuser=0&hl=en&rclk=1,GiggleZen Technologies Pvt Ltd,"2nd Floor, Krishna towers, 100 Feet Rd, Madhapur, Hyderabad, Telangana 500081",http://www.gigglezen.com/,7842238773,Software company,Open,Closes 6:30 pm,5,Not Found,No,17.4521337,78.3926176,http://www.gigglezen.com/careers,http://www.gigglezen.com/,name@domain.com,https://www.gigglezen.com/careers.php
https://www.google.com/maps/place/Iblesoft+Pvt+Ltd/data=!4m7!3m6!1s0x3bcb91667f8a5e8d:0x8afb0c953f5d7e1!8m2!3d17.4516431!4d78.3928545!16s%2Fg%2F1tfm5363!19sChIJjV6Kf2aRyzsR4df1U8mwrwg?authuser=0&hl=en&rclk=1,Iblesoft Pvt Ltd,"1st Floor, 815, 100 Feet Rd, Ayyappa Society, Mega Hills, Madhapur, Hyderabad, Telangana 500081",https://www.iblesoft.com/,4040251848,Software company,Open,Closes 8 pm,4.2,44,No,17.4516431,78.3928545,https://www.iblesoft.com/careers,https://www.iblesoft.com/,"info@iblesoft.com, sales@iblesoft.com",https://www.iblesoft.com/careers/
https://www.google.com/maps/place/iPrism+Technologies+-+Innovative+Software+and+Mobile+App+Development+Company/data=!4m7!3m6!1s0x3bcb915ff39f6817:0x845920a7f163a118!8m2!3d17.4225413!4d78.38108!16s%2Fg%2F11clzqxrj2!19sChIJF2if81-RyzsRGKFj8acgWYQ?authuser=0&hl=en&rclk=1,iPrism Technologies - Innovative Software and Mobile App Development Company,"1st Floor, Highmark Chambers, Khajaguda X Road, opp. Mjr Magnifique, Madhura Nagar Colony, Gachibowli, Hyderabad, Telangana 500032",https://www.iprismtech.com/,9848220099,Software company,Open,Not Found,4.7,249,No,17.4225413,78.38108,https://www.iprismtech.com/careers,https://www.iprismtech.com/,sales@iprismtech.com,https://www.iprismtech.com/careers/careers.aspx
https://www.google.com/maps/place/iSpace+Software+Solutions+India+Pvt+Ltd/data=!4m7!3m6!1s0x3bcb93dd07f346fd:0xe23e7939574137ac!8m2!3d17.4466068!4d78.3762992!16s%2Fg%2F11c50px6rq!19sChIJ_UbzB92TyzsRrDdBVzl5PuI?authuser=0&hl=en&rclk=1,iSpace Software Solutions India Pvt Ltd,"A - Block , 2nd Floor, Wing A, Cybergateway, Madhapur, Phase 2, HITEC City, Hyderabad, Telangana 500081",http://www.ispace.com/,4048477223,Software company,Open,Not Found,3.9,129,No,17.4466068,78.3762992,http://www.ispace.com/careers,http://www.ispace.com/,None,https://www.ispace.com/careers
https://www.google.com/maps/place/ITP+Software+India+Pvt+Ltd/data=!4m7!3m6!1s0x3bcb93e006095631:0x1c279b33a93b5a1b!8m2!3d17.444976!4d78.383591!16s%2Fg%2F11c6dzr4bg!19sChIJMVYJBuCTyzsRG1o7qTObJxw?authuser=0&hl=en&rclk=1,ITP Software India Pvt Ltd,"2C2- Wing C, 2nd Floor, Melange Towers, Patrika Nagar,, Hitech City Rd, HUDA Techno Enclave, Hyderabad, Telangana 500081",http://www.itpworld.com/,9030013399,Software company,Open,Closes 7 pm,3.4,27,No,17.444976,78.383591,http://www.itpworld.com/careers,http://www.itpworld.com/,None,https://www.itpworld.com/careers.html
https://www.google.com/maps/place/KPR+TECHNO+SOFTWARE+SOLUTIONS+PVT+LTD/data=!4m7!3m6!1s0x3bcb930c989cbb73:0x130c3a5d5cf0edb!8m2!3d17.4475302!4d78.3794949!16s%2Fg%2F11h5qpr994!19sChIJc7ucmAyTyzsR2w7P1aXDMAE?authuser=0&hl=en&rclk=1,KPR TECHNO SOFTWARE SOLUTIONS PVT LTD,"1st floor , JSP Imperia , street num 3 , Hitech city, Patrika Nagar, Madhapur, Telangana 500081",http://www.kprtechno.com/,4048588031,Software company,Open,Closes 7 pm,4.8,Not Found,No,17.4475302,78.3794949,http://www.kprtechno.com/careers,http://www.kprtechno.com/,info@kprtechno.com,https://www.kprtechno.com/careers
https://www.google.com/maps/place/Marcamor+-+Marketing+%26+Business+Consulting+Firm/data=!4m7!3m6!1s0x3bcb912a16a820c1:0xe1216ec770650b8!8m2!3d17.4551723!4d78.3940801!16s%2Fg%2F11hd9l2j5l!19sChIJwSCoFiqRyzsRuFAGd-wWEg4?authuser=0&hl=en&rclk=1,Marcamor - Marketing & Business Consulting Firm,"Ayyappa Society, Ground Floor, Sai Sadan Survey of India, Chanda Naik Nagar, Madhapur, Hyderabad, Telangana 500081",https://www.marcamor.com/,9985202223,Marketing agency,Open,Closes 6 pm,4.8,Not Found,No,17.4551723,78.3940801,https://www.marcamor.com/careers,https://www.marcamor.com/,"info@marcamor.com, johnsmith@example.com",https://www.marcamor.com/careers/
https://www.google.com/maps/place/Mariox+Software/data=!4m7!3m6!1s0x3bcb93047f61f329:0x6834505b974f1ca!8m2!3d17.4485497!4d78.3632021!16s%2Fg%2F11vbyp29_g!19sChIJKfNhfwSTyzsRyvF0uQVFgwY?authuser=0&hl=en&rclk=1,Mariox Software,"10 floor SmartPace, Suite-B 1003, The Platina, Mariox, Wing - B, above Third Wave Coffee, Gachibowli, Hyderabad, Telangana 500032",https://www.marioxsoftware.com/web-and-mobile-app-development-company-in-hyderabad/?utm_source=google&utm_medium=organic&utm_campaign=GMB&utm_id=GMB+Hyderabad,9599287045,Software company,Not Found,Not Found,4.9,35,No,17.4485497,78.3632021,https://www.marioxsoftware.com/web-and-mobile-app-development-company-in-hyderabad/?utm_source=google&utm_medium=organic&utm_campaign=GMB&utm_id=GMB+Hyderabadcareers,https://www.marioxsoftware.com/web-and-mobile-app-development-company-in-hyderabad/?utm_source=google&utm_medium=organic&utm_campaign=GMB&utm_id=GMB+Hyderabad,admin@marioxsoftware.com,https://www.marioxsoftware.com/career
https://www.google.com/maps/place/mTouch+Labs+%E2%80%93+Software+Development+Company+in+Hyderabad/data=!4m7!3m6!1s0x3bcb90cec63e97d9:0xb045c9dc22129055!8m2!3d17.489222!4d78.3927245!16s%2Fg%2F11b8zhlwcv!19sChIJ2Zc-xs6QyzsRVZASItzJRbA?authuser=0&hl=en&rclk=1,mTouch Labs – Software Development Company in Hyderabad,"Manjeera Trinity Corporate, 514, JNTU - Hitech City Rd, Kukatpally Housing Board Colony, K P H B Phase 3, Kukatpally, Hyderabad, Telangana 500072",http://www.mtouchlabs.com/,9390683154,Software company,Open,Not Found,4.9,Not Found,No,17.489222,78.3927245,http://www.mtouchlabs.com/careers,http://www.mtouchlabs.com/,"contact@mtouchlabs.com, careers@mtouchlabs.com",https://www.mtouchlabs.com/careers
https://www.google.com/maps/place/Nexgile+Technologies/data=!4m7!3m6!1s0x3bcb913f1b7596ad:0x8df435e77d49d846!8m2!3d17.4588264!4d78.3857181!16s%2Fg%2F11f_0_4r4j!19sChIJrZZ1Gz-RyzsRRthJfec19I0?authuser=0&hl=en&rclk=1,Nexgile Technologies,"First Floor, Tower B, Win Win Towers, JNTU, Hitech City Main Rd, Siddhi Vinayak Nagar, Madhapur, Hyderabad, Telangana 500081",http://www.nexgile.com/,4029702266,Software company,Open,Closes 7:30 pm,3.6,110,No,17.4588264,78.3857181,http://www.nexgile.com/careers,http://www.nexgile.com/,None,https://www.nexgile.com/careers
https://www.google.com/maps/place/Askmeguru+Technologies/data=!4m7!3m6!1s0x3bcb910f0eb41cf3:0xeee834bbc5b81cce!8m2!3d17.4517614!4d78.3919879!16s%2Fg%2F11f70zz7js!19sChIJ8xy0Dg-RyzsRzhy4xbs06O4?authuser=0&hl=en&rclk=1,Askmeguru Technologies,"Plot No 802, YSR Stachu, above Pure O Naturals, Ayyappa Society, Mega Hills, Madhapur, Hyderabad, Telangana 500081",http://askmeguru.com/,Phone Number Not Found,Software company,Open,Not Found,4.8,Not Found,No,17.4517614,78.3919879,http://askmeguru.com/careers,http://askmeguru.com/,None,https://www.searchhounds.com/topics/employment.html
https://www.google.com/maps/place/Shras+IT+Solutions+Pvt+Ltd/data=!4m7!3m6!1s0x3bcb915eff69a073:0xa36157cb9b38c8d8!8m2!3d17.4425405!4d78.3873224!16s%2Fg%2F1q62cg9pl!19sChIJc6Bp_16RyzsR2Mg4m8tXYaM?authuser=0&hl=en&rclk=1,Shras IT Solutions Pvt Ltd,"Hitech City Rd, Vittal Rao Nagar, Madhapur, Hyderabad, Telangana 500081",http://www.shrasits.com/,4040037301,Software company,Open,Closes 6:30 am,3.9,25,No,17.4425405,78.3873224,http://www.shrasits.com/careers,http://www.shrasits.com/,None,https://www.shrasits.com/career.php
https://www.google.com/maps/place/RightlyHR+%7C+Top+HRMS+Software+in+Hyderabad/data=!4m7!3m6!1s0x3bcb91d2277768a9:0x86ccc338a3f2ca33!8m2!3d17.4492451!4d78.3874561!16s%2Fg%2F11xfpby0n6!19sChIJqWh3J9KRyzsRM8ryozjDzIY?authuser=0&hl=en&rclk=1,RightlyHR | Top HRMS Software in Hyderabad,"5th Floor, Jai Hind Gandhi Rd, Ayyappa Society, VIP Hills, Jaihind Enclave, Madhapur, Hyderabad, Telangana 500081",https://rightlyhr.com/,7207909988,Software company,Open,Closes 7 pm,5,Not Found,No,17.4492451,78.3874561,https://rightlyhr.com/careers,https://rightlyhr.com/,"user@domain.com, emn178@gmail.com",https://www.snaddevelopers.com/company/careers
"https://www.google.com/maps/place/Sparity+-+Digital+Transformation,+Software+Development,+%26+IT+Services+-+Hire+On-Demand+Developers+-+Sparity/data=!4m7!3m6!1s0x3bcb93e04a07c76d:0xa98f149f26436be5!8m2!3d17.4425888!4d78.3827824!16s%2Fg%2F11cmts5yf1!19sChIJbccHSuCTyzsR5WtDJp8Uj6k?authuser=0&hl=en&rclk=1","Sparity - Digital Transformation, Software Development, & IT Services - Hire On-Demand Developers - Sparity","Ground Floor, Sri Sai Towers, opposite Deccan Serai Hotel, Mindspace, Vittal Rao Nagar, Madhapur, Hyderabad, Telangana 500081",https://www.sparity.com/,4064650707,Software company,Open,Not Found,4,Not Found,No,17.4425888,78.3827824,https://www.sparity.com/careers,https://www.sparity.com/,None,https://www.sparity.com/careers/
https://www.google.com/maps/place/Sparta+Cloud+Solutions+Private+Limited/data=!4m7!3m6!1s0x3bcb918dede2ecbb:0x7bf8581046be7ee9!8m2!3d17.4511546!4d78.3858627!16s%2Fg%2F1yglpf1q3!19sChIJu-zi7Y2RyzsR6X6-RhBY-Hs?authuser=0&hl=en&rclk=1,Sparta Cloud Solutions Private Limited,"First Floor, High Spirits, Plot No. 19, Capital Pk Rd, VIP Hills, Silicon Valley, Madhapur, Hyderabad, Telangana 500081",http://spartacloudsolutions.com/,9391833806,Software company,Open,Closes 7 pm,4.9,Not Found,No,17.4511546,78.3858627,http://spartacloudsolutions.com/careers,http://spartacloudsolutions.com/,info@spartacloudsolutions.com,https://www.spartacloudsolutions.com/careers
https://www.google.com/maps/place/Suvidha+Software+Solutions/data=!4m7!3m6!1s0x3bcb993b68de3277:0xb3b9def50b38401e!8m2!3d17.4443723!4d78.3838949!16s%2Fg%2F11fmzs_lbm!19sChIJdzLeaDuZyzsRHkA4C_XeubM?authuser=0&hl=en&rclk=1,Suvidha Software Solutions,"SUVIDHA ENCLAVE H.NO: 1-90/B/C/5, 3rd Floor, Opposite Milange Tower HUDA Techno Enclave Road, Vittal Rao Nagar, Madhapur, HITEC City, Hyderabad, Telangana 500081",https://www.suvidhasoft.com/,4040150065,Software company,Open,Closes 9 pm,5,55,No,17.4443723,78.3838949,https://www.suvidhasoft.com/careers,https://www.suvidhasoft.com/,info@suvidhasoft.com,https://www.suvidhasoft.com/careers.html
https://www.google.com/maps/place/Suwin+Software+Solutions/data=!4m7!3m6!1s0x3bcb942a83a4bb55:0xbc8cd59a0e687332!8m2!3d17.4505083!4d78.3810465!16s%2Fg%2F11b6356907!19sChIJVbukgyqUyzsRMnNoDprVjLw?authuser=0&hl=en&rclk=1,Suwin Software Solutions,"Q2,A2 10th Floor, Cyber Towers,Hitec City, Madhapur, Hyderabad, Telangana 500081",http://www.suwinsoft.com/,4023558588,Software company,Open,Closes 6:30 pm,4.6,Not Found,No,17.4505083,78.3810465,http://www.suwinsoft.com/careers,http://www.suwinsoft.com/,info@suwinsoft.com,https://www.suwinsoft.com/careers/
https://www.google.com/maps/place/Syoft-+Software+Development+Company/data=!4m7!3m6!1s0x3bcb93449c833ea7:0xf0e14449dc41a2dd!8m2!3d17.449979!4d78.3631266!16s%2Fg%2F11rtn_53_t!19sChIJpz6DnESTyzsR3aJB3ElE4fA?authuser=0&hl=en&rclk=1,Syoft- Software Development Company,"1st Floor, Plot No: 25, 16, Jayabheri Enclave, Gachibowli, Hyderabad, Telangana 500032",http://www.syoft.com/,9030819534,Software company,Open,Closes 7 pm,4.6,Not Found,No,17.449979,78.3631266,http://www.syoft.com/careers,http://www.syoft.com/,info@syoft.com,https://www.syoft.com/career.php
https://www.google.com/maps/place/Tata+Consultancy+Services-Deccan+Park/data=!4m7!3m6!1s0x3bcb93bce4daaf75:0x3c478f4a966d89a2!8m2!3d17.4438848!4d78.3781787!16s%2Fg%2F1hm5rwvtk!19sChIJda_a5LyTyzsRooltlkqPRzw?authuser=0&hl=en&rclk=1,Tata Consultancy Services-Deccan Park,"Deccan Park, Plot No.1, Hitech City Main Rd, Software Units Layout, HUDA Techno Enclave, Madhapur, Hyderabad, Telangana 500081",http://www.tcs.com/,4066672000,Software company,Open,Not Found,4.5,855,No,17.4438848,78.3781787,http://www.tcs.com/careers,http://www.tcs.com/,None,https://www.tcs.com/careers
https://www.google.com/maps/place/Techmojo+Solutions+Pvt+Ltd./data=!4m7!3m6!1s0x3bcb93e6a942528d:0xf898b0e2fe750157!8m2!3d17.4467263!4d78.3756639!16s%2Fg%2F11bv1c8hdw!19sChIJjVJCqeaTyzsRVwF1_uKwmPg?authuser=0&hl=en&rclk=1,Techmojo Solutions Pvt Ltd.,"Level -1, Wing -1, Block-B, Cyber Gateway, HITEC City, Madhapur, Hyderabad, Telangana 500081",https://www.techmojo.com/,4069241000,Software company,Open,Closes 7 pm,4.4,99,No,17.4467263,78.3756639,https://www.techmojo.com/careers,https://www.techmojo.com/,careers@techmojo.in,https://www.techmojo.com/#
https://www.google.com/maps/place/Tech+Vedika+Software+Pvt+Ltd/data=!4m7!3m6!1s0x3bcb915fc117d407:0xf452d742a81dfc08!8m2!3d17.44836!4d78.3831187!16s%2Fg%2F1thvwqw2!19sChIJB9QXwV-RyzsRCPwdqELXUvQ?authuser=0&hl=en&rclk=1,Tech Vedika Software Pvt Ltd,"1st Block, 2nd Floor, Patrika Nagar, Madhapur, Hyderabad, Telangana 500081",http://www.techvedika.com/,4042224000,Software company,Open,Closes 7 pm,4.2,Not Found,No,17.44836,78.3831187,http://www.techvedika.com/careers,http://www.techvedika.com/,info@techvedika.com,https://www.techvedika.com/careers/
https://www.google.com/maps/place/Techwave+Infotech+Private+Limited/data=!4m7!3m6!1s0x3bcb93dd52278d21:0xf8256f443e3b4346!8m2!3d17.4473297!4d78.3714836!16s%2Fg%2F11ckxz_n40!19sChIJIY0nUt2TyzsRRkM7PkRvJfg?authuser=0&hl=en&rclk=1,Techwave Infotech Private Limited,"Level 4, Building No. H-6, Phoenix Avance Business Hub 2, Siddiq Nagar, HITEC City, Hyderabad, Telangana 500081",https://techwave.net/,4066583500,Software company,Open,Not Found,4,Not Found,No,17.4473297,78.3714836,https://techwave.net/careers,https://techwave.net/,None,https://www.techwave.com/career/
https://www.google.com/maps/place/Techzert+Software+-+IBM+Business+Partner+%7C+ISO+20022+Migration+Service+%7C+Cloud+Integration+%26+Paymant+Modernization/data=!4m7!3m6!1s0x3bcb93798da8e19d:0xd4f4835ffab4a74!8m2!3d17.45373!4d78.3705506!16s%2Fg%2F11v0mhl2n7!19sChIJneGojXmTyzsRdEqr_zVITw0?authuser=0&hl=en&rclk=1,Techzert Software - IBM Business Partner | ISO 20022 Migration Service | Cloud Integration & Paymant Modernization,"Purva Summit, 2nd Floor, B Wing White Field Road, Madhapur, Kondapur, Whitefields, HITEC City, Telangana 500084",https://www.techzert.com/,9550988088,Software company,Open,Closes 7 pm,5,Not Found,No,17.45373,78.3705506,https://www.techzert.com/careers,https://www.techzert.com/,"Copyright@Techzert.Com, info@techzert.com",https://www.techzert.com/career
https://www.google.com/maps/place/Timing+Technologies+India+Private+Limited/data=!4m7!3m6!1s0x3bcb915ff57eae4f:0xc7942541e298ae27!8m2!3d17.448279!4d78.3827455!16s%2Fg%2F1tjym4v4!19sChIJT65-9V-RyzsRJ66Y4kEllMc?authuser=0&hl=en&rclk=1,Timing Technologies India Private Limited,"Hitech City Rd, Patrika Nagar, HITEC City, Hyderabad, Telangana 500081",http://www.timingindia.com/,4040034446,Software company,Open,Closes 6 pm,4.7,820,No,17.448279,78.3827455,http://www.timingindia.com/careers,http://www.timingindia.com/,None,https://www.timingindia.com/CareersPage/CareersPage.html
https://www.google.com/maps/place/Tvisha+Technologies/data=!4m7!3m6!1s0x3bcb9143194239cf:0x7a4f488222501be4!8m2!3d17.4427804!4d78.3972939!16s%2Fg%2F11f0wp8r53!19sChIJzzlCGUORyzsR5BtQIoJIT3o?authuser=0&hl=en&rclk=1,Tvisha Technologies,"2nd Floor, S.S Arcade, Plot No.97 & 98, Kakatiya Hills, Guttala_Begumpet, Kavuri Hills, Madhapur, Hyderabad, Telangana 500081",https://www.tvisha.com/services/mobile-app-development-company-maintenance-support-android-ios.html,8688810000,Software company,Open,Not Found,4.1,Not Found,No,17.4427804,78.3972939,https://www.tvisha.com/services/mobile-app-development-company-maintenance-support-android-ios.htmlcareers,https://www.tvisha.com/services/mobile-app-development-company-maintenance-support-android-ios.html,info@tvisha.com,https://www.tvisha.com/careers.html
https://www.google.com/maps/place/Waytowebs+-+Best+Web+Design+Company+in+Hyderabad/data=!4m7!3m6!1s0x3bcb9185e838bf17:0xe0918c547a9244c1!8m2!3d17.4537967!4d78.3944539!16s%2Fg%2F11gxxh1y4d!19sChIJF7846IWRyzsRwUSSelSMkeA?authuser=0&hl=en&rclk=1,Waytowebs - Best Web Design Company in Hyderabad,"1st Floor, Plot No.656, Opp:, Road No. 36, Survey Of India Ayyappa Society, Chanda Naik Nagar, Madhapur, Hyderabad, Telangana 500081",https://www.waytowebs.com/,9951991336,Not Found,Open,Not Found,4.9,Not Found,No,17.4537967,78.3944539,https://www.waytowebs.com/careers,https://www.waytowebs.com/,"design@waytowebs.com, info@waytowebs.com",https://www.waytowebs.com/careers.html
https://www.google.com/maps/place/Wisionet+IT+Solutions/data=!4m7!3m6!1s0x3bcb91a413e1b23d:0x7930bb2aea7e046e!8m2!3d17.453038!4d78.3894473!16s%2Fg%2F11kbz3kyry!19sChIJPbLhE6SRyzsRbgR-6iq7MHk?authuser=0&hl=en&rclk=1,Wisionet IT Solutions,"1307, flat no:301, SR Sadhguru residency, 100 Feet Rd, opp.to 7th gear, Ayyappa Society, VIP Hills, Silicon Valley, Madhapur, Hyderabad, Telangana 500081",http://www.wisionet.com/,9160827111,Software Training Institute,Open,Closes 7 pm,4.8,6,No,17.453038,78.3894473,http://www.wisionet.com/careers,http://www.wisionet.com/,"info.wisionet@gmail.com, info@wisionet.com",https://www.wisionet.com/careers.html
https://www.google.com/maps/place/Zessta+Software+Services/data=!4m7!3m6!1s0x3bcb91658a9b811d:0x1696ad04b60f9239!8m2!3d17.4467126!4d78.3767566!16s%2Fg%2F11cktfb3gb!19sChIJHYGbimWRyzsROZIPtgStlhY?authuser=0&hl=en&rclk=1,Zessta Software Services,"6th Floor, Block A, CYBER GATEWAY, Wing 1, Phase 2, HITEC City, Hyderabad, Telangana 500081",https://zessta.com/,4048589855,Software company,Open,Closes 7 pm,4.4,51,No,17.4467126,78.3767566,https://zessta.com/careers,https://zessta.com/,None,https://zessta.com/careers/
https://www.google.com/maps/place/iConcept+Software+Services+Pvt.+Ltd./data=!4m7!3m6!1s0x3bcb93dda757c60f:0xe1e81bd51a1abc7b!8m2!3d17.4471374!4d78.375741!16s%2Fg%2F11cn0t04r7!19sChIJD8ZXp92TyzsRe7waGtUb6OE?authuser=0&hl=en&rclk=1,iConcept Software Services Pvt. Ltd.,"Cyber Gateway, Block C, Level 1, Wing 1 - Unit 1, L&T Infocity, Hitech City, Madhapur, Hyderabad, Telangana 500081",http://conceptglobal.com/,4066037000,Software company,Not Found,Not Found,4.5,Not Found,No,17.4471374,78.375741,http://conceptglobal.com/careers,http://conceptglobal.com/,bd@conceptglobal.com,Not Found
https://www.google.com/maps/place/Arawinz+Soft+Solutions/data=!4m7!3m6!1s0x3bcb93e22b231641:0xcc0b655faca8565!8m2!3d17.4494994!4d78.3627483!16s%2Fg%2F11gjp8l9bq!19sChIJQRYjK-KTyzsRZYXK-lW2wAw?authuser=0&hl=en&rclk=1,Arawinz Soft Solutions,"201, Jayabheri Enclave, Gachibowli, Hyderabad, Telangana 500032",http://www.arawinz.com/,Phone Number Not Found,Software company,Open,Closes 6 pm,5,56,No,17.4494994,78.3627483,http://www.arawinz.com/careers,http://www.arawinz.com/,chupurnov@gmail.com,Not Found
https://www.google.com/maps/place/Enterpi+Software+Solutions+Private+Limited/data=!4m7!3m6!1s0x3bcb99d7eb258ef3:0x8d10c235d3b257a!8m2!3d17.4535021!4d78.370412!16s%2Fg%2F1tdn73pz!19sChIJ844l69eZyzsReiU7XSMM0Qg?authuser=0&hl=en&rclk=1,Enterpi Software Solutions Private Limited,"2nd Floor, iSprout, Purva Summit, Kondapur, Whitefields, Hyderabad, Telangana 500084",https://www.enterpi.com/,8885251753,Software company,Open,Closes 8 pm,4.2,66,No,17.4535021,78.370412,https://www.enterpi.com/careers,https://www.enterpi.com/,contact@enterpi.com,Not Found
https://www.google.com/maps/place/PRove+IT+Catalysts/data=!4m7!3m6!1s0x3bcb9166bc7209e7:0x62cffe355f68d1de!8m2!3d17.4534315!4d78.3956095!16s%2Fg%2F11hbn8cdd0!19sChIJ5wlyvGaRyzsR3tFoXzX-z2I?authuser=0&hl=en&rclk=1,PRove IT Catalysts,"2nd Floor, DBK heights, Plot No: 754, 100 Feet Rd, Survey of India Colony, Chanda Naik Nagar, Madhapur, Hyderabad, Telangana 500081",https://www.proveitcatalysts.com/,8886661674,Software company,Open,Closes 3:30 am,4.7,Not Found,No,17.4534315,78.3956095,https://www.proveitcatalysts.com/careers,https://www.proveitcatalysts.com/,contact@proveitcatalysts.com,Not Found
https://www.google.com/maps/place/Scadea+Software+Solutions+Pvt.+Ltd./data=!4m7!3m6!1s0x3bcb93b99ba45789:0x9bd054f16466f09c!8m2!3d17.4472833!4d78.3609922!16s%2Fg%2F11s42w4tkp!19sChIJiVekm7mTyzsRnPBmZPFU0Js?authuser=0&hl=en&rclk=1,Scadea Software Solutions Pvt. Ltd.,"5th Floor, Block-A, Plot no 55 and 56, SANDIL Building, DLF Rd, Gachibowli, Hyderabad, Telangana 500032",https://www.scadea.com/,Phone Number Not Found,Software company,Open,Not Found,4.9,Not Found,No,17.4472833,78.3609922,https://www.scadea.com/careers,https://www.scadea.com/,contact@scadea.com,Not Found
https://www.google.com/maps/place/AMMSON/data=!4m7!3m6!1s0x3bcb973ff3902ec3:0xa3e45b9cc0e46b83!8m2!3d17.4503207!4d78.387435!16s%2Fg%2F11c80jfq95!19sChIJwy6Q8z-XyzsRg2vkwJxb5KM?authuser=0&hl=en&rclk=1,AMMSON,"Vision Arcade, Flat no: 601, Plot no: 11(PART), Ayyappa Society Hitech City, Jaihind Colony, Madhapur, Telangana 500081",http://www.ammson.com/,7799116655,Software company,Open,Closes 7:30 pm,5,Not Found,No,17.4503207,78.387435,http://www.ammson.com/careers,http://www.ammson.com/,"hr@ammson.com, support@ammson.com",Not Found
https://www.google.com/maps/place/Savantis+Solutions+India+Pvt+Ltd/data=!4m7!3m6!1s0x3bcb93c5488b4ca1:0x84be34e41ca23ecc!8m2!3d17.4513097!4d78.3874515!16s%2Fg%2F11c58mkcy_!19sChIJoUyLSMWTyzsRzD6iHOQ0voQ?authuser=0&hl=en&rclk=1,Savantis Solutions India Pvt Ltd,"2nd Floor, Siri Towers H.No. 2-56/D/8/B, Plot No. 8, Ayyappa Society, VIP Hills, Jaihind Enclave, Madhapur, Hyderabad, Telangana 500081",https://www.savantis.com/,9550260066,Software company,Open,Closes 6:30 pm,4.2,Not Found,No,17.4513097,78.3874515,https://www.savantis.com/careers,https://www.savantis.com/,"hr@savantis.com, marketing@savantis.com",Not Found
https://www.google.com/maps/place/RESHAPP+Software+Solutions+Private+Limited/data=!4m7!3m6!1s0x3bcb9176cc9e4bf1:0xbf0b804a336747ac!8m2!3d17.4366452!4d78.4012861!16s%2Fg%2F11vx633qj2!19sChIJ8UuezHaRyzsRrEdnM0qAC78?authuser=0&hl=en&rclk=1,RESHAPP Software Solutions Private Limited,"Babukhan Rasheed Plaza, metro station, Plot 682, Road No. 36, near Madhapur, Aditya Enclave, Venkatagiri, Jubilee Hills, Hyderabad, Telangana 500033",https://www.reshapp.in/,7075183081,Software company,Open,Closes 7 pm,4.5,Not Found,No,17.4366452,78.4012861,https://www.reshapp.in/careers,https://www.reshapp.in/,"hrmanager@reshapp.in, admin@reshapp.in",Not Found
https://www.google.com/maps/place/Aaruhi+Software+Solutions/data=!4m7!3m6!1s0x3bcb8d0db992ad4f:0xff0f63640989eed8!8m2!3d17.4451016!4d78.385695!16s%2Fg%2F11qn602phj!19sChIJT62SuQ2NyzsR2O6JCWRjD_8?authuser=0&hl=en&rclk=1,Aaruhi Software Solutions,"Sy No 64, Unit No 203, 2nd Floor Suite No.629, SBR CV Towers, Sector-I, above Karachi Bakery, HUDA Techno Enclave, Madhapur, Hyderabad, Telangana 500081",https://aaruhisolutions.com/,7013710143,Software company,Open,Not Found,5,Not Found,No,17.4451016,78.385695,https://aaruhisolutions.com/careers,https://aaruhisolutions.com/,"info@aaruhisolutions.com, aaruhisolutions@gmail.com",Not Found
https://www.google.com/maps/place/Agon+IT+Solutions+Private+Limited/data=!4m7!3m6!1s0x3bcb91610480a91f:0x1ac0e765ad404e4e!8m2!3d17.4569552!4d78.3770968!16s%2Fg%2F1yh9nc05s!19sChIJH6mABGGRyzsRTk5ArWXnwBo?authuser=0&hl=en&rclk=1,Agon IT Solutions Private Limited,"71, Tier 4, Opp. Lane of Hitex Charminar, Madhapur, HITEC City, Hyderabad, Telangana 500084",https://agonitsolutions.com/,4046047550,Software company,Open,Closes 6 pm,4.5,Not Found,No,17.4569552,78.3770968,https://agonitsolutions.com/careers,https://agonitsolutions.com/,info@agonitsolutions.com,Not Found
https://www.google.com/maps/place/celzene+IT+services+pvt+ltd/data=!4m7!3m6!1s0x3bcb93ce2afc55c1:0x53fca3f2ddecba9d!8m2!3d17.4512805!4d78.37089!16s%2Fg%2F11pd346v_j!19sChIJwVX8Ks6TyzsRnbrs3fKj_FM?authuser=0&hl=en&rclk=1,celzene IT services pvt ltd,"N-Heights, Siddiq Nagar, HITEC City, Hyderabad, Telangana 500081",http://www.celzene.com/,Phone Number Not Found,Software company,Open,Closes 11 pm,4.8,Not Found,No,17.4512805,78.37089,http://www.celzene.com/careers,http://www.celzene.com/,info@celzene.com,Not Found
https://www.google.com/maps/place/Daxinsoft+Technologies+Pvt.+Ltd/data=!4m7!3m6!1s0x3bcb99c670316e63:0x6afea4b280478561!8m2!3d17.417526!4d78.442215!16s%2Fg%2F1thqf6ld!19sChIJY24xcMaZyzsRYYVHgLKk_mo?authuser=0&hl=en&rclk=1,Daxinsoft Technologies Pvt. Ltd,"B, Plot, No 51, 8-2-584/1, Rd Number 9, Vimal Nagar, Zahara Nagar, Banjara Hills, Hyderabad, Telangana 500034",https://www.daxinsoft.com/,4023569880,Software company,Open,Closes 6 pm,3.6,Not Found,No,17.417526,78.442215,https://www.daxinsoft.com/careers,https://www.daxinsoft.com/,"info@daxinsoft.com, support@daxinsoft.com",Not Found
https://www.google.com/maps/place/DZYN/data=!4m7!3m6!1s0x892354a414ec170b:0xcbd4d588ad21cc2c!8m2!3d17.4498161!4d78.3633834!16s%2Fg%2F11vjrk21w5!19sChIJCxfsFKRUI4kRLMwhrYjV1Ms?authuser=0&hl=en&rclk=1,DZYN,"The Platina, A-Block - 303, Jayabheri Enclave, Gachibowli, Hyderabad, Telangana 500032",https://dzyn.in/,7382373824,Software company,Open,Not Found,5,48,No,17.4498161,588,https://dzyn.in/careers,https://dzyn.in/,info@example.com,Not Found
https://www.google.com/maps/place/ITFormula1+IT+Solutions+Pvt.+Ltd/data=!4m7!3m6!1s0x3bcb93a2ddf01ea9:0x2239e27cb45eeeb2!8m2!3d17.4337999!4d78.3784393!16s%2Fg%2F11c5_026xy!19sChIJqR7w3aKTyzsRsu5etHziOSI?authuser=0&hl=en&rclk=1,ITFormula1 IT Solutions Pvt. Ltd,"T-Hub, Phase 2, HITEC City, Hyderabad, Telangana 500032",https://www.itformula1.com/,4029709892,Software company,Open,Closes 10 pm,4.9,Not Found,No,17.4337999,78.3784393,https://www.itformula1.com/careers,https://www.itformula1.com/,info@itformula1.com,Not Found
https://www.google.com/maps/place/IT+Logix+India+Private+Limited/data=!4m7!3m6!1s0x3bcb90cf4df48699:0x13002a613ada8ce5!8m2!3d17.4473125!4d78.3784375!16s%2Fg%2F113j3ynpf!19sChIJmYb0Tc-QyzsR5YzaOmEqABM?authuser=0&hl=en&rclk=1,IT Logix India Private Limited,"4th Floor, C9WH+W92, Hitech City Rd, HUDA Techno Enclave, HITEC City, Hyderabad, Telangana 500081",http://www.itlogix.net/,Phone Number Not Found,Software company,Open,Not Found,4.6,Not Found,No,17.4473125,78.3784375,http://www.itlogix.net/careers,http://www.itlogix.net/,info@itlogix.net,Not Found
https://www.google.com/maps/place/SkyLinx+Global+Solutions/data=!4m7!3m6!1s0x3bcb91d19af4a1ff:0xb4823a183a46e89!8m2!3d17.4519283!4d78.3933706!16s%2Fg%2F11xvqrdfgl!19sChIJ_6H0mtGRyzsRiW6kg6EjSAs?authuser=0&hl=en&rclk=1,SkyLinx Global Solutions,"2nd Floor, A-Block, 100 Feet Rd, Ayyappa Society, Chanda Naik Nagar, Madhapur, Hyderabad, Telangana 500081",https://www.skylinxglobal.com/,Phone Number Not Found,Software company,Open,Closes 6 pm,3.3,Not Found,No,17.4519283,78.3933706,https://www.skylinxglobal.com/careers,https://www.skylinxglobal.com/,info@skylinxglobal.com,Not Found
https://www.google.com/maps/place/SlashMonk+Software+Solutions+Private+Limited/data=!4m7!3m6!1s0x3bcb974c8145a4b9:0xa2cbb64cc2ab0f7b!8m2!3d17.4123487!4d78.4080456!16s%2Fg%2F11c6dzv454!19sChIJuaRFgUyXyzsRew-rwky2y6I?authuser=0&hl=en&rclk=1,SlashMonk Software Solutions Private Limited,slashmonk.com,https://www.slashmonk.com/,8309702484,Not Found,Open,Closes 7 pm,4.9,67,No,17.4123487,78.4080456,https://www.slashmonk.com/careers,https://www.slashmonk.com/,info@slashmonk.com,Not Found
https://www.google.com/maps/place/TechBulls+Software+Services+Pvt.+Ltd./data=!4m7!3m6!1s0x3bcb9161184516fb:0x851ad893f709a444!8m2!3d17.449193!4d78.3883777!16s%2Fg%2F119v67stv!19sChIJ-xZFGGGRyzsRRKQJ95PYGoU?authuser=0&hl=en&rclk=1,TechBulls Software Services Pvt. Ltd.,"Plot 45, G R Hub, 1st Floor,, Jaihind Enclave, Madhapur, Hyderabad, Telangana 500081",https://www.techbulls.co.in/,Phone Number Not Found,Software company,Open,Closes 6 pm,4.3,28,No,17.449193,78.3883777,https://www.techbulls.co.in/careers,https://www.techbulls.co.in/,info@techbulls.co.in,Not Found
https://www.google.com/maps/place/Velocious+Solutions+Pvt.+Ltd.+%7C+Best+Software+Company+in+Hyderabad+%7C+Top+IT+Services+Provider/data=!4m7!3m6!1s0x3bcb8e0136b3e2c3:0xa7aead925303e12c!8m2!3d17.458566!4d78.3631027!16s%2Fg%2F11gcdd37b_!19sChIJw-KzNgGOyzsRLOEDU5Ktrqc?authuser=0&hl=en&rclk=1,Velocious Solutions Pvt. Ltd. | Best Software Company in Hyderabad | Top IT Services Provider,"Asian Sun City, 1507, B Block, Forest Dept Colony, Hyderabad, Telangana 500084",https://velocioussolutions.com/,9849593473,Software company,Open,Closes 7 pm,4.7,61,No,17.458566,78.3631027,https://velocioussolutions.com/careers,https://velocioussolutions.com/,"info@velocioussolutions.in, hello@tracer.com",Not Found
https://www.google.com/maps/place/Page+Solutions+Private+Limited/data=!4m7!3m6!1s0x3bcb91667f42ed11:0x501f641d013c0e79!8m2!3d17.4516193!4d78.3930274!16s%2Fg%2F11cn18824z!19sChIJEe1Cf2aRyzsReQ48AR1kH1A?authuser=0&hl=en&rclk=1,Page Solutions Private Limited,"4th Floor, B.V.L Complex No. 815, Sri Swamy Ayyappa Society, Madhapur, Telangana 500081",http://www.pagesolutions.co.uk/,8143578444,Software company,Open,Closes 6:30 pm,4.5,Not Found,No,17.4516193,78.3930274,http://www.pagesolutions.co.uk/careers,http://www.pagesolutions.co.uk/,"info@www.pagesolutions.co.uk, michael@techcorp.com, info@pagesolutions.co.uk, sarah@techcorp.com",Not Found
https://www.google.com/maps/place/LQT+Solutions+Pvt+Ltd./data=!4m7!3m6!1s0x3bcb91021916048b:0x71ec4464a590993d!8m2!3d17.4551918!4d78.3940651!16s%2Fg%2F11x8p4hy9y!19sChIJiwQWGQKRyzsRPZmQpWRE7HE?authuser=0&hl=en&rclk=1,LQT Solutions Pvt Ltd.,"2nd floor, sai Sadan, Survey Of India Ayyappa Society, Survey of India Colony, Chanda Naik Nagar, Madhapur, Hyderabad, Telangana 500081",https://www.lqtsol.com/,9114424732,Software Training Institute,Open,Closes 7:30 pm,Not Found,Not Found,No,17.4551918,78.3940651,https://www.lqtsol.com/careers,https://www.lqtsol.com/,"lqt-logo@3x-2048x1663.png, Info@mistyrose-gazelle-776469.hostingersite.com, lqt-logo@3x.png, Info@lqtsol.com, lqt-logo@3x-1536x1248.png, lqt-logo@3x-300x244.png, lqt-logo@3x-1024x832.png, lqt-logo@3x-768x624.png",Not Found
"https://www.google.com/maps/place/Arrowsight+Private+Limited,+INDIA/data=!4m7!3m6!1s0x3bcb9128a07bd969:0x92744a0114b5b3b8!8m2!3d17.4444473!4d78.3856408!16s%2Fg%2F11tt5n6dtz!19sChIJadl7oCiRyzsRuLO1FAFKdJI?authuser=0&hl=en&rclk=1","Arrowsight Private Limited, INDIA","1st Floor, Trendz metro, Image Hospital Rd, Vittal Rao Nagar, HITEC City, Hyderabad, Telangana 500081",http://www.arrowsight.com/,Phone Number Not Found,Software company,Open,Closes 8 pm,4.7,16,No,17.4444473,78.3856408,http://www.arrowsight.com/careers,http://www.arrowsight.com/,"Paul.Alper@arrowsight.com, info@arrowsight.com, adam.aronson@arrowsight.com, user@domain.com",Not Found
https://www.google.com/maps/place/Lera+Technologies+Pvt.+Ltd/data=!4m7!3m6!1s0x3bcb99e881aaaaab:0x54dbba8e36f76529!8m2!3d17.456446!4d78.3765192!16s%2Fg%2F1tk1xhv8!19sChIJq6qqgeiZyzsRKWX3No6621Q?authuser=0&hl=en&rclk=1,Lera Technologies Pvt. Ltd,"6th Floor, Bizness Square, 6-A, White Field Rd, opp. Hitex Charminar, Jubilee Enclave, HITEC City, Hyderabad, Telangana 500081",https://www.lera.us/,4068339999,Software company,Open,Closes 6:30 pm,4.1,81,No,17.456446,78.3765192,https://www.lera.us/careers,https://www.lera.us/,sales@lera.us,Not Found
https://www.google.com/maps/place/EDZE+SOFT/data=!4m7!3m6!1s0x3bcb9126ff6d1e31:0x8b602e65afab03a2!8m2!3d17.4533858!4d78.3950629!16s%2Fg%2F11h76k8pdz!19sChIJMR5t_yaRyzsRogOrr2UuYIs?authuser=0&hl=en&rclk=1,EDZE SOFT,"705, SANVI TOWERS, ROAD, 37, 100 Feet Rd, HITEC City, Hyderabad, Telangana 500081",http://www.edze.in/,9100017995,Software company,Open,Closes 8 pm,4.4,Not Found,No,17.4533858,78.3950629,http://www.edze.in/careers,http://www.edze.in/,salesassist@edze.in,Not Found
https://www.google.com/maps/place/Lucid+Technologies/data=!4m7!3m6!1s0x3bcb912700f3d1e1:0xda9e1b9939e93c42!8m2!3d17.4535767!4d78.3958752!16s%2Fg%2F11r7xxc7wd!19sChIJ4dHzACeRyzsRQjzpOZkbnto?authuser=0&hl=en&rclk=1,Lucid Technologies,"2nd Floor, Pragathi Plaza, 741, Rd Number 39, Survey Of India Ayyappa Society, Survey of India Colony, Chanda Naik Nagar, Madhapur, Hyderabad, Telangana 500081",https://www.lucidtechinc.com/,9063064312,Software company,Open,Not Found,4,10,No,1,78.3958752,https://www.lucidtechinc.com/careers,https://www.lucidtechinc.com/,"ScheduleameetingwithUmaSDevireddy@lucidtechinc.com, hr@lucidtechinc.com",Not Found
https://www.google.com/maps/place/Impetus+AI+Solutions/data=!4m7!3m6!1s0x27cb3a21e067a6b:0x673d22b704371f70!8m2!3d17.431486!4d78.333443!16s%2Fg%2F11x7_v_7k6!19sChIJa3oGHqKzfAIRcB83BLciPWc?authuser=0&hl=en&rclk=1,Impetus AI Solutions,"Plot No, 334, Goldcrest School Rd, opp. Beginners World School, TNGOS Colony, Gachibowli, Hyderabad, Telangana 500032",https://impetusaisolutions.com/,8341166770,Software company,Open,Closes 6 pm,Not Found,Not Found,No,22,78.333443,https://impetusaisolutions.com/careers,https://impetusaisolutions.com/,"support@impetusaisolutions.com, contact@aeroland.com",Not Found
https://www.google.com/maps/place/TeamMinds+Software+Pvt.+Ltd/data=!4m7!3m6!1s0x3bcb917176d7dfe7:0xcb2cdd52326f728f!8m2!3d17.4516251!4d78.3918204!16s%2Fg%2F11hpnp_035!19sChIJ59_XdnGRyzsRj3JvMlLdLMs?authuser=0&hl=en&rclk=1,TeamMinds Software Pvt. Ltd,"Ayyappa Central, 4th floor, plot no, 802 & 803, 100 Feet Rd, opp. YSR Statue, Ayyappa Society, Madhapur, Hyderabad, Telangana 500081",http://www.teamminds.in/,Phone Number Not Found,Software company,Open,Closes 6 pm,5,1,No,17.4516251,78.3918204,http://www.teamminds.in/careers,http://www.teamminds.in/,"support@mail.com, info@teamminds.in",Not Found
https://www.google.com/maps/place/Technex+Cloud+Networks+%28TCN%29/data=!4m7!3m6!1s0x3bcb9165d07cc789:0x5be40c8d55a47dd5!8m2!3d17.4520144!4d78.3934213!16s%2Fg%2F11m6xqjw80!19sChIJicd80GWRyzsR1X2kVY0M5Fs?authuser=0&hl=en&rclk=1,Technex Cloud Networks (TCN),"2nd Floor, Ayyappa Housing Society, A-Block, 100 Feet Rd, near YSR Statue, Chanda Naik Nagar, Madhapur, Hyderabad, Telangana 500081",https://classplusapp.com/w/shaktitantra-diybzf,9866450639,Computer support and services,Open,Opens 1 pm,5,Not Found,No,17.4520144,78.3934213,https://classplusapp.com/w/shaktitantra-diybzfcareers,https://classplusapp.com/w/shaktitantra-diybzf,technexcloudnetworks@gmail.com,Not Found
https://www.google.com/maps/place/Aptude+Software+Solutions+India+%28P%29+Ltd/data=!4m7!3m6!1s0x3bcb93c5a0e55555:0x35c282bc8b59fa6b!8m2!3d17.4548328!4d78.3700897!16s%2Fg%2F11g6njyzjm!19sChIJVVXloMWTyzsRa_pZi7yCwjU?authuser=0&hl=en&rclk=1,Aptude Software Solutions India (P) Ltd,"3 Cube Towers, 3 Cube Towers, 2-93/8 & 2-93/9, 4th Floor North, Hitech City Road, White Field Rd, Kondapur, Telangana 500084",http://aptude.com/,4064632584,Software company,Not Found,Not Found,4.2,47,No,17.4548328,78.3700897,http://aptude.com/careers,http://aptude.com/,Technical%20Expertise_2@2x.png,Not Found
https://www.google.com/maps/place/Scopus+Solutions/data=!4m7!3m6!1s0x3bcb9a865e8cad43:0xb4c199f710221823!8m2!3d17.4520144!4d78.3934213!16s%2Fg%2F11g02b2v6w!19sChIJQ62MXoaayzsRIxgiEPeZwbQ?authuser=0&hl=en&rclk=1,Scopus Solutions,"Uptown Cyberabad, Chanda Naik Nagar, Madhapur, Hyderabad, Telangana 500081",http://www.scopussolutions.in/,9359203103,Software company,Open,Closes 7 pm,3,Not Found,No,17.4520144,78.3934213,http://www.scopussolutions.in/careers,http://www.scopussolutions.in/,webmaster@scopussolutions.in,Not Found
https://www.google.com/maps/place/Ariscent+Software+Solutions/data=!4m7!3m6!1s0x3bcb916420eba371:0x734aa5aaff2e72c6!8m2!3d17.4526044!4d78.3902297!16s%2Fg%2F11c20qf275!19sChIJcaPrIGSRyzsRxnIu_6qlSnM?authuser=0&hl=en&rclk=1,Ariscent Software Solutions,"#467,Gowri Shankar Nilayam, Ayyappa Society, Madhapur, Telangana 500081",http://ariscentsoft.com/,8341262128,Not Found,Open,Closes 6:30 pm,5,Not Found,No,17.4526044,78.3902297,http://ariscentsoft.com/careers,http://ariscentsoft.com/,works@ariscentsoft.com,Not Found
https://www.google.com/maps/place/Arrixon+Tech/data=!4m7!3m6!1s0x3bcb91a201a1c651:0x87f948a98d4362ab!8m2!3d17.4519387!4d78.3934691!16s%2Fg%2F11qywszbb_!19sChIJUcahAaKRyzsRq2JDjalI-Yc?authuser=0&hl=en&rclk=1,Arrixon Tech,"Plot 532 to 534, 100 Feet Rd, Ayyappa Society, Chanda Naik Nagar, Madhapur, Hyderabad, Telangana 500081",http://arrixontech.com/,Phone Number Not Found,Software company,Open,Opens 7:30 pm,3.6,Not Found,No,17.4519387,78.3934691,http://arrixontech.com/careers,http://arrixontech.com/,None,Not Found
https://www.google.com/maps/place/Genex+Technologies+Private+Limited/data=!4m7!3m6!1s0x3bcb916069b70db3:0x6a82c4422dc22451!8m2!3d17.4517173!4d78.3917722!16s%2Fg%2F1tmg9wyq!19sChIJsw23aWCRyzsRUSTCLULEgmo?authuser=0&hl=en&rclk=1,Genex Technologies Private Limited,"Ayyappa central, Ayyappa Society, Mega Hills, Madhapur, Hyderabad, Telangana 500081",http://www.genestera.com/,4040056778,Software company,Not Found,Not Found,4.9,Not Found,No,17.4517173,78.3917722,http://www.genestera.com/careers,http://www.genestera.com/,None,Not Found
https://www.google.com/maps/place/Bastul+Software+Solutions+Pvt+Ltd/data=!4m7!3m6!1s0x3bcb91e1177b1e15:0x66c0fe5e21eb23ce!8m2!3d17.449094!4d78.3929452!16s%2Fg%2F11s4g4f82w!19sChIJFR57F-GRyzsRziPrIV7-wGY?authuser=0&hl=en&rclk=1,Bastul Software Solutions Pvt Ltd,"1st Floor, #102, 891, Rd Number 48, near YSR Statue, Ayyappa Society, Mega Hills, HITEC City, Hyderabad, Telangana 500081",http://www.bastulands.com/,4071326611,Software company,Open,Closes 6 pm,5,2,No,17.449094,78.3929452,http://www.bastulands.com/careers,http://www.bastulands.com/,None,Not Found
https://www.google.com/maps/place/EPTPRAVAHAA+EDU+TECH+SOLUTIONS+PRIVATE+LIMITED/data=!4m7!3m6!1s0x3bcb91cd3b25ab5d:0xb86fb464b0562c40!8m2!3d17.4535093!4d78.3944641!16s%2Fg%2F11mlbybn4v!19sChIJXaslO82RyzsRQCxWsGS0b7g?authuser=0&hl=en&rclk=1,EPTPRAVAHAA EDU TECH SOLUTIONS PRIVATE LIMITED,"EPT TOWERS, 201 ,Plot no, : 658, Road No. 36, Ayyappa Society, Madhapur, Hyderabad, Telangana 500081",http://eptpravahaa.com/,Phone Number Not Found,Software company,Open,Closes 6 pm,5,Not Found,No,17.4535093,78.3944641,http://eptpravahaa.com/careers,http://eptpravahaa.com/,None,Not Found
https://www.google.com/maps/place/Fluentgrid+Limited+-+Hyderabad/data=!4m7!3m6!1s0x3bcb93c0c1e4161b:0x8ac2719d19c94263!8m2!3d17.4506807!4d78.3809175!16s%2Fg%2F11c59xl7fq!19sChIJGxbkwcCTyzsRY0LJGZ1xwoo?authuser=0&hl=en&rclk=1,Fluentgrid Limited - Hyderabad,"8Q1A1, Cyber Towers, HITEC City, Madhapur, Hyderabad, Telangana 500081",https://www.fluentgrid.com/,8977761122,Software company,Open,Closes 6:30 pm,4.1,31,No,17.4506807,78.3809175,https://www.fluentgrid.com/careers,https://www.fluentgrid.com/,None,Not Found
https://www.google.com/maps/place/Iyeva+Software+Solutions+Pvt+Ltd/data=!4m7!3m6!1s0x3bcb91c05767e2fb:0xf9d9bfa9da488f59!8m2!3d17.4352836!4d78.4021064!16s%2Fg%2F11qxtprjk1!19sChIJ--JnV8CRyzsRWY9I2qm_2fk?authuser=0&hl=en&rclk=1,Iyeva Software Solutions Pvt Ltd,"4th Floor, Monarch Towers, Road no.36,Jubliee Hills Near Madhapur Metro station, Punjab National Bank Building, Hyderabad, Telangana 500033",https://iyevasoft.com/,Phone Number Not Found,Software company,Open,Not Found,5,Not Found,No,17.4352836,78.4021064,https://iyevasoft.com/careers,https://iyevasoft.com/,None,Not Found
https://www.google.com/maps/place/iSuite+Software+Solutions+Pvt.+Ltd./data=!4m7!3m6!1s0x3bcb91b634688adb:0x9213980c1ad00157!8m2!3d17.4526164!4d78.3895594!16s%2Fg%2F11kptg81hf!19sChIJ24poNLaRyzsRVwHQGgyYE5I?authuser=0&hl=en&rclk=1,iSuite Software Solutions Pvt. Ltd.,"3rd Floor, East Avenue, North, 100 Feet Rd, near Stone Gallery, Ayyappa Society, Chanda Naik Nagar, Madhapur, Hyderabad, Telangana 500081",https://isuitesolutions.com/,Phone Number Not Found,Corporate office,Open,Closes 6:30 pm,5,Not Found,No,17.4526164,78.3895594,https://isuitesolutions.com/careers,https://isuitesolutions.com/,None,Not Found
https://www.google.com/maps/place/ByCero+Solutions+Private+Limited./data=!4m7!3m6!1s0x3bcb9a37eb56aaab:0xa0d1fe1dde90c6a9!8m2!3d17.4408975!4d78.3838303!16s%2Fg%2F11fmp_g0s9!19sChIJq6pW6zeayzsRqcaQ3h3-0aA?authuser=0&hl=en&rclk=1,ByCero Solutions Private Limited.,"Abhi's Ganga, 301, Vittal Rao Nagar Rd, Vittal Rao Nagar, HITEC City, Hyderabad, Telangana 500081",http://bycero.com/,8328368150,Software company,Open,Closes 7 pm,4.9,Not Found,No,17.4408975,78.3838303,http://bycero.com/careers,http://bycero.com/,None,Not Found
https://www.google.com/maps/place/Avineon+India+Private+Limited/data=!4m7!3m6!1s0x3bcb90b72ecffdc3:0x42dedecd2d3c8844!8m2!3d17.4354297!4d78.3851103!16s%2Fg%2F1tdmnhyn!19sChIJw_3PLreQyzsRRIg8Lc3e3kI?authuser=0&hl=en&rclk=1,Avineon India Private Limited,"06th Floor, Atria Building International Tech Park, Software Units Layout, Madhapur, Hyderabad, Telangana 500081",https://www.avineon.com/en/apac/home,4069067714,Software company,Open,Closes 11:15 pm,4,Not Found,No,17.4354297,78.3851103,https://www.avineon.com/en/apac/homecareers,https://www.avineon.com/en/apac/home,None,Not Found
https://www.google.com/maps/place/Ventech+Software+Solutions/data=!4m7!3m6!1s0x3bcb93da8ee55555:0x5430c052308f4c21!8m2!3d17.4554923!4d78.3752011!16s%2Fg%2F11sw_60by3!19sChIJVVXljtqTyzsRIUyPMFLAMFQ?authuser=0&hl=en&rclk=1,Ventech Software Solutions,"No:71, Level 2, Madhapur Rd, Jubilee Enclave, HITEC City, Hyderabad, Telangana 500081",http://vensofttech.com/,4067263363,Software company,Open,Closes 6:29 pm,4.8,Not Found,No,17.4554923,78.3752011,http://vensofttech.com/careers,http://vensofttech.com/,None,Not Found
https://www.google.com/maps/place/Envision+Enterprise+Solutions/data=!4m7!3m6!1s0x3bcb90b50a1341e9:0xadef1bf69394d507!8m2!3d17.4462881!4d78.3760399!16s%2Fg%2F1w97svsw!19sChIJ6UETCrWQyzsRB9WUk_Yb760?authuser=0&hl=en&rclk=1,Envision Enterprise Solutions,"Block D, Level 2, CYBER GATEWAY, Wing 2, Hitec City, Madhapur, Hyderabad, Telangana 500081",http://www.envisionesl.com/,4029889111,Software company,Open,Closes 6:30 pm,3.8,Not Found,No,17.4462881,507,http://www.envisionesl.com/careers,http://www.envisionesl.com/,None,Not Found
https://www.google.com/maps/place/SysIntelli+Software+And+Services+Pvt+Ltd/data=!4m7!3m6!1s0x3bcb93e7af3979b1:0xad66f8eae49f06f4!8m2!3d17.4422622!4d78.375206!16s%2Fg%2F11bbx0x66r!19sChIJsXk5r-eTyzsR9Aaf5Or4Zq0?authuser=0&hl=en&rclk=1,SysIntelli Software And Services Pvt Ltd,"Plot no:9/2, GIA Building, 1st Floor ,Sector 3 HUDA Techno Enclave Madhapur, HITEC City, Hyderabad, Telangana 500081",http://www.sysintelli.com/,4065156868,Software company,Open,Closes 6 pm,4.6,25,No,17.4422622,78.375206,http://www.sysintelli.com/careers,http://www.sysintelli.com/,None,Not Found
